Date;Generated;Exported;subGen;mmGen;subExp;mmExp;Cond;Temp med
01/07/2015;14.5;11;2.3;15.65;1;11.5;Cloudy;15.5
02/07/2015;16.8;12;2.3;17.7;3;13.5;Cloudy;13
03/07/2015;18.6;15;1.8;18.4;-2;14;Fine;12.5
04/07/2015;18.2;13;-0.4;17.9;0;13;Cloudy;12.5
05/07/2015;17.6;13;-0.6;18;-1;12.5;Cloudy;13.5
06/07/2015;18.4;12;0.8;18.35;2;13;Fine;14
07/07/2015;18.3;14;-0.1;16.4;-3;12.5;Fine;12.5
08/07/2015;14.5;11;-3.8;13.75;-2;10;Cloudy;14
09/07/2015;13;9;-1.5;11.55;-4;7;Cloudy;14
10/07/2015;10.1;5;-2.9;11.5;3;6.5;Showers;14.5
11/07/2015;12.9;8;2.8;16.55;8;12;Cloudy;16
12/07/2015;20.2;16;7.3;20.3;1;16.5;Fine;14
13/07/2015;20.4;17;0.2;20.05;-1;16.5;Fine;11
14/07/2015;19.7;16;-0.7;15.45;-8;12;Fine;14
15/07/2015;11.2;8;-8.5;10.55;-1;7.5;Cloudy;11.5
16/07/2015;9.9;7;-1.3;15.15;10;12;Cloudy;10.5
17/07/2015;20.4;17;10.5;20.2;-1;16.5;Fine;8.5
18/07/2015;20;16;-0.4;15.9;-8;12;Fine;8.5
19/07/2015;11.8;8;-8.2;13.95;5;10.5;Cloudy;14.5
20/07/2015;16.1;13;4.3;13.7;-6;10;Cloudy;14.5
21/07/2015;11.3;7;-4.8;9.65;-1;6.5;Cloudy;13.5
22/07/2015;8;6;-3.3;8.75;0;6;Showers;16
23/07/2015;9.5;6;1.5;9.9;0;6;Cloudy;19
24/07/2015;10.3;6;0.8;12.65;5;8.5;Cloudy;20.5
25/07/2015;15;11;4.7;12.5;-5;8.5;Cloudy;20
26/07/2015;10;6;-5;12.9;5;8.5;Cloudy;19
27/07/2015;15.8;11;5.8;17.2;4;13;Cloudy;15.5
28/07/2015;18.6;15;2.8;19.4;3;16.5;Cloudy;14.5
29/07/2015;20.2;18;1.6;18.25;-6;15;Cloudy;13
30/07/2015;16.3;12;-3.9;18.55;6;15;Cloudy;15
31/07/2015;20.8;18;4.5;20.3;-2;17;Cloudy;14
01/08/2015;19.8;16;-1;19.75;0;16;Cloudy;16
02/08/2015;19.7;16;-0.1;19.65;-1;15.5;Cloudy;14.5
03/08/2015;19.6;15;-0.1;16.3;-6;12;Cloudy;16.5
04/08/2015;13;9;-6.6;17.8;11;14.5;Cloudy;15
05/08/2015;22.6;20;9.6;22.15;-2;19;Fine;11
06/08/2015;21.7;18;-0.9;21.45;-1;17.5;Cloudy;11.5
07/08/2015;21.2;17;-0.5;21;0;17;Cloudy;12
08/08/2015;20.8;17;-0.4;19.2;-4;15;Cloudy;10.5
09/08/2015;17.6;13;-3.2;19.2;4;15;Cloudy;14.5
10/08/2015;20.8;17;3.2;21;1;17.5;Cloudy;14.5
11/08/2015;21.2;18;0.4;19.5;-4;16;Cloudy;13.5
12/08/2015;17.8;14;-3.4;20;4;16;Cloudy;18
13/08/2015;22.2;18;4.4;22.3;0;18;Fine;14.5
14/08/2015;22.4;18;0.2;19.95;-4;16;Fine;11
15/08/2015;17.5;14;-4.9;15.8;-5;11.5;Cloudy;12
16/08/2015;14.1;9;-3.4;17.3;7;12.5;Cloudy;15.5
17/08/2015;20.5;16;6.4;21.55;2;17;Cloudy;15
18/08/2015;22.6;18;2.1;18.45;-6;15;Fine;13
19/08/2015;14.3;12;-8.3;15.8;2;13;Cloudy;13.5
20/08/2015;17.3;14;3;14.25;-6;11;Cloudy;13.5
21/08/2015;11.2;8;-6.1;13.5;3;9.5;Cloudy;16.5
22/08/2015;15.8;11;4.6;12.7;-7;7.5;Cloudy;20.5
23/08/2015;9.6;4;-6.2;10.5;3;5.5;Cloudy;19
24/08/2015;11.4;7;1.8;14.45;5;9.5;Cloudy;19
25/08/2015;17.5;12;6.1;20.25;7;15.5;Cloudy;22
26/08/2015;23;19;5.5;14.5;-16;11;Fine;20.5
27/08/2015;6;3;-17;14.45;16;11;Showers;17
28/08/2015;22.9;19;16.9;19.15;-8;15;Cloudy;19.5
29/08/2015;15.4;11;-7.5;20.95;11;16.5;Showers;14.5
30/08/2015;26.5;22;11.1;26;-1;21.5;Fine;17.5
31/08/2015;25.5;21;-1;26.15;2;22;Fine;14.5
01/09/2015;26.8;23;1.3;24.15;-5;20.5;Fine;14.5
02/09/2015;21.5;18;-5.3;21.85;0;18;Cloudy;13.5
03/09/2015;22.2;18;0.7;22.55;0;18;Cloudy;18.5
04/09/2015;22.9;18;0.7;22.05;-1;17.5;Cloudy;17
05/09/2015;21.2;17;-1.7;18.8;-5;14.5;Cloudy;15.5
06/09/2015;16.4;12;-4.8;18.15;3;13.5;Cloudy;18
07/09/2015;19.9;15;3.5;22.6;6;18;Cloudy;18.5
08/09/2015;25.3;21;5.4;27.15;5;23.5;Cloudy;20
09/09/2015;29;26;3.7;25.75;-8;22;Fine;15
10/09/2015;22.5;18;-6.5;18.8;-8;14;Cloudy;15
11/09/2015;15.1;10;-7.4;17.9;7;13.5;Cloudy;14
12/09/2015;20.7;17;5.6;20.25;-4;15;Cloudy;19
13/09/2015;19.8;13;-0.9;18.95;1;13.5;Cloudy;17.5
14/09/2015;18.1;14;-1.7;22.3;7;17.5;Cloudy;16
15/09/2015;26.5;21;8.4;26.4;2;22;Cloudy;20
16/09/2015;26.3;23;-0.2;16.05;-19;13.5;Cloudy;19
17/09/2015;5.8;4;-20.5;13.85;13;10.5;Showers;16
18/09/2015;21.9;17;16.1;23.3;2;18;Cloudy;16
19/09/2015;24.7;19;2.8;21.95;-5;16.5;Cloudy;16
20/09/2015;19.2;14;-5.5;21.8;4;16;Cloudy;19
21/09/2015;24.4;18;5.2;25.2;1;18.5;Cloudy;18.5
22/09/2015;26;19;1.6;22.95;-4;17;Cloudy;20
23/09/2015;19.9;15;-6.1;24;8;19;Cloudy;16.5
24/09/2015;28.1;23;8.2;26.65;-5;20.5;Cloudy;14
25/09/2015;25.2;18;-2.9;21.3;-6;15;Cloudy;14.5
26/09/2015;17.4;12;-7.8;19.65;4;14;Showers;16.5
27/09/2015;21.9;16;4.5;26.35;8;20;Cloudy;18.5
28/09/2015;30.8;24;8.9;26.5;-5;21.5;Cloudy;17
29/09/2015;22.2;19;-8.6;26.35;6;22;Cloudy;18.5
30/09/2015;30.5;25;8.3;30.75;3;26.5;Cloudy;18.5
01/10/2015;31;28;0.5;30.5;-2;27;Fine;20.5
02/10/2015;30;26;-1;30;0;26;Fine;21
03/10/2015;30;26;0;30;0;26;Fine;21
04/10/2015;30;26;0;29.9;0;26;Fine;23
05/10/2015;29.8;26;-0.2;30.2;-1;25.5;Fine;21
06/10/2015;30.6;25;0.8;30.5;1;25.5;Fine;19.5
07/10/2015;30.4;26;-0.2;21.2;-19;16.5;Fine;19.5
08/10/2015;12;7;-18.4;15.25;6;10;Cloudy;20.5
09/10/2015;18.5;13;6.5;20.85;5;15.5;Cloudy;22
10/10/2015;23.2;18;4.7;25.65;3;19.5;Cloudy;22.5
11/10/2015;28.1;21;4.9;28.95;3;22.5;Cloudy;22
12/10/2015;29.8;24;1.7;26.9;-6;21;Cloudy;21
13/10/2015;24;18;-5.8;20.6;-5;15.5;Cloudy;25
14/10/2015;17.2;13;-6.8;19.85;5;15.5;Cloudy;21.5
15/10/2015;22.5;18;5.3;25.25;4;20;Cloudy;21.5
16/10/2015;28;22;5.5;29.35;3;23.5;Cloudy;21
17/10/2015;30.7;25;2.7;28.2;-4;23;Cloudy;20.5
18/10/2015;25.7;21;-5;25.45;-2;20;Cloudy;21
19/10/2015;25.2;19;-0.5;23.55;-3;17.5;Cloudy;20
20/10/2015;21.9;16;-3.3;26.1;10;21;Cloudy;23
21/10/2015;30.3;26;8.4;24.2;-13;19.5;Cloudy;20.5
22/10/2015;18.1;13;-12.2;22.2;10;18;Showers;22
23/10/2015;26.3;23;8.2;19.35;-17;14.5;Cloudy;23.5
24/10/2015;12.4;6;-13.9;16.7;9;10.5;Cloudy;18.5
25/10/2015;21;15;8.6;25;8;19;Cloudy;22
26/10/2015;29;23;8;28.2;0;23;Cloudy;23.5
27/10/2015;27.4;23;-1.6;18.35;-17;14.5;Cloudy;25
28/10/2015;9.3;6;-18.1;9.75;0;6;Showers;19.5
29/10/2015;10.2;6;0.9;13.2;5;8.5;Cloudy;19
30/10/2015;16.2;11;6;15.8;-1;10.5;Cloudy;19.5
31/10/2015;15.4;10;-0.8;20.7;10;15;Cloudy;21
01/11/2015;26;20;10.6;26.6;1;20.5;Cloudy;20.5
02/11/2015;27.2;21;1.2;28.25;2;22;Cloudy;23
03/11/2015;29.3;23;2.1;27.95;-2;22;Cloudy;25.5
04/11/2015;26.6;21;-2.7;25.05;-4;19;Cloudy;26
05/11/2015;23.5;17;-3.1;23.7;0;17;Cloudy;26
06/11/2015;23.9;17;0.4;26.6;6;20;Cloudy;24.5
07/11/2015;29.3;23;5.4;19.9;-17;14.5;Cloudy;27.5
08/11/2015;10.5;6;-18.8;16.15;9;10.5;Showers;21.5
09/11/2015;21.8;15;11.3;23.7;6;18;Cloudy;22
10/11/2015;25.6;21;3.8;22.65;-6;18;Cloudy;23.5
11/11/2015;19.7;15;-5.9;21.35;0;15;Cloudy;20.5
12/11/2015;23;15;3.3;25;6;18;Cloudy;20
13/11/2015;27;21;4;20.85;-11;15.5;Cloudy;25.5
14/11/2015;14.7;10;-12.3;20.25;10;15;Cloudy;23.5
15/11/2015;25.8;20;11.1;24.35;-4;18;Cloudy;22.5
16/11/2015;22.9;16;-2.9;23.55;4;18;Cloudy;22.5
17/11/2015;24.2;20;1.3;27.3;6;23;Cloudy;22
18/11/2015;30.4;26;6.2;30.6;-3;24.5;Cloudy;21.5
19/11/2015;30.8;23;0.4;31;3;24.5;Cloudy;24.5
20/11/2015;31.2;26;0.4;31.2;-8;22;Fine;29
21/11/2015;31.2;18;0;22.05;-11;12.5;Fine;26.5
22/11/2015;12.9;7;-18.3;19.7;14;14;Cloudy;24.5
23/11/2015;26.5;21;13.6;26.2;-2;20;Cloudy;27.5
24/11/2015;25.9;19;-0.6;25.25;0;19;Cloudy;24.5
25/11/2015;24.6;19;-1.3;28.25;-7;15.5;Cloudy;27
26/11/2015;31.9;12;7.3;30.3;11;17.5;Fine;26.5
27/11/2015;28.7;23;-3.2;25;-11;17.5;Cloudy;27
28/11/2015;21.3;12;-7.4;20.8;2;13;Cloudy;27.5
29/11/2015;20.3;14;-1;23.5;5;16.5;Cloudy;26
30/11/2015;26.7;19;6.4;25.75;0;19;Cloudy;28.5
01/12/2015;24.8;19;-1.9;17.05;-16;11;Cloudy;28.5
02/12/2015;9.3;3;-15.5;15.5;11;8.5;Showers;23
03/12/2015;21.7;14;12.4;21.15;-1;13.5;Cloudy;22.5
04/12/2015;20.6;13;-1.1;23.15;4;15;Cloudy;21.5
05/12/2015;25.7;17;5.1;27.6;5;19.5;Cloudy;20
06/12/2015;29.5;22;3.8;28.2;-4;20;Cloudy;25
07/12/2015;26.9;18;-2.6;27.25;3;19.5;Cloudy;22
08/12/2015;27.6;21;0.7;26.65;0;21;Cloudy;27
09/12/2015;25.7;21;-1.9;25.45;-4;19;Cloudy;25.5
10/12/2015;25.2;17;-0.5;26.95;3;18.5;Cloudy;26.5
11/12/2015;28.7;20;3.5;17.1;-18;11;Cloudy;27
12/12/2015;5.5;2;-23.2;9.9;7;5.5;Showers;20.5
13/12/2015;14.3;9;8.8;22.65;14;16;Cloudy;21
14/12/2015;31;23;16.7;29.25;-4;21;Cloudy;22
15/12/2015;27.5;19;-3.5;19.9;-14;12;Cloudy;25.5
16/12/2015;12.3;5;-15.2;19.35;14;12;Showers;22.5
17/12/2015;26.4;19;14.1;25.1;-3;17.5;Cloudy;23
18/12/2015;23.8;16;-2.6;25.7;5;18.5;Cloudy;23
19/12/2015;27.6;21;3.8;27.9;0;21;Cloudy;22
20/12/2015;28.2;21;0.6;29.65;4;23;Cloudy;26
21/12/2015;31.1;25;2.9;27.3;-9;20.5;Fine;24.5
22/12/2015;23.5;16;-7.6;24.05;1;16.5;Cloudy;26.5
23/12/2015;24.6;17;1.1;19.1;-10;12;Cloudy;25
24/12/2015;13.6;7;-11;17.5;8;11;Cloudy;23.5
25/12/2015;21.4;15;7.8;26.1;9;19.5;Cloudy;23
26/12/2015;30.8;24;9.4;23.95;-13;17.5;Cloudy;29
27/12/2015;17.1;11;-13.7;18.3;3;12.5;Showers;26
28/12/2015;19.5;14;2.4;19.85;0;14;Cloudy;23.5
29/12/2015;20.2;14;0.7;24.3;7;17.5;Cloudy;21.5
30/12/2015;28.4;21;8.2;27.75;-1;20.5;Cloudy;24
31/12/2015;27.1;20;-1.3;26.65;-2;19;Cloudy;25
01/01/2016;26.2;18;-0.9;28.9;6;21;Cloudy;25.5
02/01/2016;31.6;24;5.4;22.3;-17;15.5;Cloudy;27.5
03/01/2016;13;7;-18.6;14.4;1;7.5;Showers;22.5
04/01/2016;15.8;8;2.8;12.1;-5;5.5;Showers;24
05/01/2016;8.4;3;-7.4;19.7;22;14;Showers;22
06/01/2016;31;25;22.6;29.7;-5;22.5;Cloudy;24.5
07/01/2016;28.4;20;-2.6;26.85;0;20;Cloudy;27.5
08/01/2016;25.3;20;-3.1;25;0;20;Cloudy;25.5
09/01/2016;24.7;20;-0.6;25.65;0;20;Cloudy;23.5
10/01/2016;26.6;20;1.9;28.25;2;21;Cloudy;27
11/01/2016;29.9;22;3.3;30.45;1;22.5;Cloudy;25
12/01/2016;31;23;1.1;30.5;-2;22;Cloudy;29.5
13/01/2016;30;21;-1;29.95;1;21.5;Cloudy;26.5
14/01/2016;29.9;22;-0.1;27.25;-6;19;Cloudy;25
15/01/2016;24.6;16;-5.3;17.5;-12;10;Cloudy;25.5
16/01/2016;10.4;4;-14.2;16.15;11;9.5;Showers;21.5
17/01/2016;21.9;15;11.5;22.2;-2;14;Cloudy;23
18/01/2016;22.5;13;0.6;24.9;5;15.5;Cloudy;25
19/01/2016;27.3;18;4.8;28.7;4;20;Cloudy;27.5
20/01/2016;30.1;22;2.8;30.7;1;22.5;Cloudy;28
21/01/2016;31.3;23;1.2;29.85;-3;21.5;Fine;25
22/01/2016;28.4;20;-2.9;21.1;-13;13.5;Cloudy;30
23/01/2016;13.8;7;-14.6;17.6;10;12;Showers;27
24/01/2016;21.4;17;7.6;20.1;-3;15.5;Cloudy;28
25/01/2016;18.8;14;-2.6;16.55;-8;10;Cloudy;28
26/01/2016;14.3;6;-4.5;17.2;6;9;Showers;26
27/01/2016;20.1;12;5.8;14.2;-9;7.5;Cloudy;27
28/01/2016;8.3;3;-11.8;14.35;9;7.5;Showers;25.5
29/01/2016;20.4;12;12.1;17.1;-5;9.5;Cloudy;29.5
30/01/2016;13.8;7;-6.6;17.95;-1;6.5;Cloudy;29
31/01/2016;22.1;6;8.3;23.1;7;9.5;Cloudy;32
01/02/2016;24.1;13;2;17.8;-5;10.5;Cloudy;32
02/02/2016;11.5;8;-12.6;15.4;-3;6.5;Cloudy;29
03/02/2016;19.3;5;7.8;13.4;-1;4.5;Cloudy;29.5
04/02/2016;7.5;4;-11.8;10;2;5;Showers;23.5
05/02/2016;12.5;6;5;16.85;3;7.5;Showers;25
06/02/2016;21.2;9;8.7;18.4;1;9.5;Cloudy;25
07/02/2016;15.6;10;-5.6;21.9;4;12;Cloudy;24
08/02/2016;28.2;14;12.6;26.6;7;17.5;Cloudy;23.5
09/02/2016;25;21;-3.2;25.95;0;21;Cloudy;26
10/02/2016;26.9;21;1.9;23.95;-5;18.5;Cloudy;24
11/02/2016;21;16;-5.9;20.45;-2;15;Cloudy;24.5
12/02/2016;19.9;14;-1.1;17.95;-4;12;Cloudy;25.5
13/02/2016;16;10;-3.9;22.95;2;11;Cloudy;24.5
14/02/2016;29.9;12;13.9;29.35;0;12;Cloudy;29
15/02/2016;28.8;12;-1.1;28.8;11;17.5;Cloudy;25.5
16/02/2016;28.8;23;0;26.55;-10;18;Cloudy;32.5
17/02/2016;24.3;13;-4.5;25.1;-3;11.5;Cloudy;30.5
18/02/2016;25.9;10;1.6;23.7;-4;8;Cloudy;29.5
19/02/2016;21.5;6;-4.4;23.9;14;13;Cloudy;29
20/02/2016;26.3;20;4.8;27.95;5;22.5;Cloudy;28
21/02/2016;29.6;25;3.3;26.8;-7;21.5;Cloudy;26
22/02/2016;24;18;-5.6;25.1;3;19.5;Cloudy;26.5
23/02/2016;26.2;21;2.2;27.9;3;22.5;Cloudy;26
24/02/2016;29.6;24;3.4;29.8;-13;17.5;Cloudy;31
25/02/2016;30;11;0.4;29.7;13;17.5;Cloudy;25
26/02/2016;29.4;24;-0.6;29.4;-6;21;Fine;27
27/02/2016;29.4;18;0;25.05;-4;16;Fine;26
28/02/2016;20.7;14;-8.7;20.3;1;14.5;Cloudy;28.5
29/02/2016;19.9;15;-0.8;20.6;1;15.5;Cloudy;26.5
01/03/2016;21.3;16;1.4;18.35;-8;12;Cloudy;26.5
02/03/2016;15.4;8;-5.9;19.1;11;13.5;Cloudy;27
03/03/2016;22.8;19;7.4;22.65;-4;17;Cloudy;25.5
04/03/2016;22.5;15;-0.3;21.05;-1;14.5;Cloudy;25.5
05/03/2016;19.6;14;-2.9;19.7;1;14.5;Cloudy;26
06/03/2016;19.8;15;0.2;19.7;-2;14;Cloudy;27
07/03/2016;19.6;13;-0.2;18;-1;12.5;Cloudy;25
08/03/2016;16.4;12;-3.2;15.2;-4;10;Showers;26
09/03/2016;14;8;-2.4;18.65;11;13.5;Showers;25.5
10/03/2016;23.3;19;9.3;18.5;-10;14;Cloudy;25
11/03/2016;13.7;9;-9.6;20.1;11;14.5;Cloudy;26.5
12/03/2016;26.5;20;12.8;22.05;-8;16;Cloudy;26
13/03/2016;17.6;12;-8.9;19.1;3;13.5;Showers;25.5
14/03/2016;20.6;15;3;22.8;5;17.5;Cloudy;25
15/03/2016;25;20;4.4;22.35;-6;17;Cloudy;28.5
16/03/2016;19.7;14;-5.3;18.7;-1;13.5;Cloudy;26.5
17/03/2016;17.7;13;-2;21.6;6;16;Showers;26.5
18/03/2016;25.5;19;7.8;24;-1;18.5;Cloudy;29
19/03/2016;22.5;18;-3;20;-6;15;Cloudy;28.5
20/03/2016;17.5;12;-5;18.35;2;13;Cloudy;25
21/03/2016;19.2;14;1.7;21.75;7;17.5;Cloudy;24.5
22/03/2016;24.3;21;5.1;24.35;-3;19.5;Cloudy;22.5
23/03/2016;24.4;18;0.1;22.35;-2;17;Cloudy;26.5
24/03/2016;20.3;16;-4.1;23;3;17.5;Cloudy;26.5
25/03/2016;25.7;19;5.4;24.7;-1;18.5;Cloudy;24
26/03/2016;23.7;18;-2;16.75;-14;11;Cloudy;25.5
27/03/2016;9.8;4;-13.9;15.55;10;9;Showers;22
28/03/2016;21.3;14;11.5;23.7;5;16.5;Cloudy;24
29/03/2016;26.1;19;4.8;23.6;-4;17;Cloudy;27
30/03/2016;21.1;15;-5;21.8;3;16.5;Cloudy;24.5
31/03/2016;22.5;18;1.4;22.7;-2;17;Cloudy;24.5
01/04/2016;22.9;16;0.4;21.7;-2;15;Cloudy;23.5
02/04/2016;20.5;14;-2.4;23.15;5;16.5;Cloudy;24
03/04/2016;25.8;19;5.3;23.45;-4;17;Cloudy;24
04/04/2016;21.1;15;-4.7;21.7;1;15.5;Cloudy;23.5
05/04/2016;22.3;16;1.2;22.3;0;16;Cloudy;22.5
06/04/2016;22.3;16;0;23.55;3;17.5;Cloudy;23.5
07/04/2016;24.8;19;2.5;19.35;-9;14.5;Fine;23
08/04/2016;13.9;10;-10.9;15.75;2;11;Cloudy;24
09/04/2016;17.6;12;3.7;20.7;7;15.5;Cloudy;26
10/04/2016;23.8;19;6.2;16.25;-16;11;Cloudy;24.5
11/04/2016;8.7;3;-15.1;10.4;5;5.5;Cloudy;24.5
12/04/2016;12.1;8;3.4;13.8;2;9;Cloudy;22.5
13/04/2016;15.5;10;3.4;14.5;0;10;Cloudy;21.5
14/04/2016;13.5;10;-2;13.4;-2;9;Showers;20
15/04/2016;13.3;8;-0.2;13.95;2;9;Cloudy;21
16/04/2016;14.6;10;1.3;16.75;4;12;Cloudy;19.5
17/04/2016;18.9;14;4.3;18.1;-2;13;Cloudy;24
18/04/2016;17.3;12;-1.6;17.4;1;12.5;Cloudy;22.5
19/04/2016;17.5;13;0.2;17.35;0;13;Cloudy;21
20/04/2016;17.2;13;-0.3;14.45;-5;10.5;Cloudy;21
21/04/2016;11.7;8;-5.5;14.35;5;10.5;Cloudy;21
22/04/2016;17;13;5.3;16.6;0;13;Cloudy;25.5
23/04/2016;16.2;13;-0.8;16.65;1;13.5;Cloudy;24.5
24/04/2016;17.1;14;0.9;16.25;-1;13.5;Cloudy;22
25/04/2016;15.4;13;-1.7;15.85;0;13;Cloudy;21
26/04/2016;16.3;13;0.9;15.25;-3;11.5;Cloudy;22.5
27/04/2016;14.2;10;-2.1;16.15;5;12.5;Cloudy;20
28/04/2016;18.1;15;3.9;14.45;-9;10.5;Cloudy;21
29/04/2016;10.8;6;-7.3;12.1;4;8;Showers;22.5
30/04/2016;13.4;10;2.6;10.55;-7;6.5;Cloudy;25.5
01/05/2016;7.7;3;-5.7;9.5;3;4.5;Showers;22
02/05/2016;11.3;6;3.6;15.65;11;11.5;Cloudy;23
03/05/2016;20;17;8.7;20;-1;16.5;Cloudy;24
04/05/2016;20;16;0;18.6;-3;14.5;Cloudy;21.5
05/05/2016;17.2;13;-2.8;17.4;1;13.5;Cloudy;22
06/05/2016;17.6;14;0.4;17.6;0;14;Cloudy;20
07/05/2016;17.6;14;0;15.3;-6;11;Cloudy;20
08/05/2016;13;8;-4.6;15;6;11;Cloudy;22
09/05/2016;17;14;4;14;-7;10.5;Cloudy;25
10/05/2016;11;7;-6;10.85;-1;6.5;Cloudy;24
11/05/2016;10.7;6;-0.3;15.25;11;11.5;Cloudy;16.5
12/05/2016;19.8;17;9.1;19.05;-3;15.5;Cloudy;14.5
13/05/2016;18.3;14;-1.5;16.55;-2;13;Cloudy;16
14/05/2016;14.8;12;-3.5;16.65;1;12.5;Cloudy;17.5
15/05/2016;18.5;13;3.7;18.45;3;14.5;Cloudy;18.5
16/05/2016;18.4;16;-0.1;17.75;-3;14.5;Cloudy;17
17/05/2016;17.1;13;-1.3;16.9;0;13;Cloudy;18.5
18/05/2016;16.7;13;-0.4;13.7;-6;10;Cloudy;19
19/05/2016;10.7;7;-6;14.5;8;11;Cloudy;20
20/05/2016;18.3;15;7.6;15.8;-6;12;Cloudy;17.5
21/05/2016;13.3;9;-5;12.3;-1;8.5;Cloudy;22
22/05/2016;11.3;8;-2;14.05;4;10;Cloudy;19.5
23/05/2016;16.8;12;5.5;16.95;2;13;Cloudy;21
24/05/2016;17.1;14;0.3;17.5;1;14.5;Cloudy;18
25/05/2016;17.9;15;0.8;17.2;-3;13.5;Fine;14
26/05/2016;16.5;12;-1.4;16.7;1;12.5;Cloudy;26
27/05/2016;16.9;13;0.4;17.6;1;13.5;Cloudy;22
28/05/2016;18.3;14;1.4;17.65;-2;13;Fine;14.5
29/05/2016;17;12;-1.3;17;2;13;Cloudy;16
30/05/2016;17;14;0;14.5;-5;11.5;Cloudy;12
31/05/2016;12;9;-5;9.85;-5;6.5;Cloudy;14.5
01/06/2016;7.7;4;-4.3;8.3;1;4.5;Cloudy;17
02/06/2016;8.9;5;1.2;8.85;1;5.5;Cloudy;17.5
03/06/2016;8.8;6;-0.1;5.1;-6;3;Showers;16.5
04/06/2016;1.4;0.952;-7.4;7.7;10;5;Showers;18
05/06/2016;14;10;12.6;12.65;-3;8.5;Cloudy;16.5
06/06/2016;11.3;7;-2.7;14.4;7;10.5;Cloudy;16
07/06/2016;17.5;14;6.2;17.2;1;14.5;Fine;17
08/06/2016;16.9;15;-0.6;16.35;-3;13.5;Cloudy;17
09/06/2016;15.8;12;-1.1;14.65;-2;11;Cloudy;21.5
10/06/2016;13.5;10;-2.3;10.95;-4;8;Cloudy;17
11/06/2016;8.4;6;-5.1;8.2;-1;5.5;Cloudy;17.5
12/06/2016;8;5;-0.4;8.95;1;5.5;Cloudy;17
13/06/2016;9.9;6;1.9;10.1;2;7;Cloudy;17
14/06/2016;10.3;8;0.4;9.15;-4;6;Cloudy;17
15/06/2016;8;4;-2.3;8.6;2;5;Cloudy;16.5
16/06/2016;9.2;6;1.2;10.1;2;7;Cloudy;16
17/06/2016;11;8;1.8;9.15;-5;5.5;Cloudy;18.5
18/06/2016;7.3;3;-3.7;4.9;-3;1.5;Showers;18
19/06/2016;2.5;1.7;-4.8;6.75;8;4;Showers;18.5
20/06/2016;11;8;8.5;11;0;8;Cloudy;17
21/06/2016;11;8;0;11;0;8;Cloudy;16
22/06/2016;11;8;0;11;0;8;Cloudy;18
23/06/2016;11;8;0;12.4;1;8.5;Cloudy;16.5
24/06/2016;13.8;9;2.8;15.75;5;11.5;Cloudy;18.5
25/06/2016;17.7;14;3.9;13.65;-12;8;Fine;12
26/06/2016;9.6;2;-8.1;9.15;3;3.5;Cloudy;13.5
27/06/2016;8.7;5;-0.9;13;6;8;Showers;13
28/06/2016;17.3;11;8.6;17.1;3;12.5;Fine;12.5
29/06/2016;16.9;14;-0.4;16.5;-2;13;Fine;13.5
30/06/2016;16.1;12;-0.8;16.85;0;12;Cloudy;16
01/07/2016;17.6;12;1.5;17.3;2;13;Fine;15.5
02/07/2016;17;14;-0.6;17.1;-4;12;Cloudy;11
03/07/2016;17.2;10;0.2;15;-2;9;Fine;13.5
04/07/2016;12.8;8;-4.4;9.4;-5;5.5;Cloudy;12.5
05/07/2016;6;3;-6.8;12.4;10;8;Showers;16
06/07/2016;18.8;13;12.8;18.25;1;13.5;Fine;14
07/07/2016;17.7;14;-1.1;17.35;-2;13;Fine;15.5
08/07/2016;17;12;-0.7;16.35;0;12;Cloudy;14.5
09/07/2016;15.7;12;-1.3;16.25;0;12;Cloudy;12.5
10/07/2016;16.8;12;1.1;12.9;-8;8;Cloudy;17.5
11/07/2016;9;4;-7.8;8.25;1;4.5;Cloudy;18
12/07/2016;7.5;5;-1.5;8.7;1;5.5;Cloudy;20
13/07/2016;9.9;6;2.4;8.65;0;6;Cloudy;15.5
14/07/2016;7.4;6;-2.5;7.7;-2;5;Cloudy;14
15/07/2016;8;4;0.6;5.55;-3;2.5;Cloudy;15.5
16/07/2016;3.1;1;-4.9;5.9;3;2.5;Showers;15
17/07/2016;8.7;4;5.6;9.45;2;5;Cloudy;18.5
18/07/2016;10.2;6;1.5;13.45;8;10;Cloudy;19
19/07/2016;16.7;14;6.5;15.85;-4;12;Cloudy;18.5
20/07/2016;15;10;-1.7;15.25;2;11;Cloudy;21.5
21/07/2016;15.5;12;0.5;16.45;2;13;Cloudy;22
22/07/2016;17.4;14;1.9;17.05;-1;13.5;Cloudy;22.5
23/07/2016;16.7;13;-0.7;17.85;1;13.5;Cloudy;20.5
24/07/2016;19;14;2.3;19.05;1;14.5;Fine;17
25/07/2016;19.1;15;0.1;15.15;-7;11.5;Fine;17
26/07/2016;11.2;8;-7.9;9.45;-5;5.5;Cloudy;17.5
27/07/2016;7.7;3;-3.5;13.1;13;9.5;Cloudy;13.5
28/07/2016;18.5;16;10.8;18.85;-1;15.5;Cloudy;14
29/07/2016;19.2;15;0.7;19.35;-1;14.5;Fine;12.5
30/07/2016;19.5;14;0.3;19.25;0;14;Fine;12.5
31/07/2016;19;14;-0.5;19.05;1;14.5;Fine;15.5
01/08/2016;19.1;15;0.1;14.85;-7;11.5;Fine;17
02/08/2016;10.6;8;-8.5;15.75;8;12;Showers;17.5
03/08/2016;20.9;16;10.3;18.45;-3;14.5;Fine;15.5
04/08/2016;16;13;-4.9;17.2;2;14;Cloudy;16
05/08/2016;18.4;15;2.4;18.3;-1;14.5;Cloudy;14.5
06/08/2016;18.2;14;-0.2;17.85;-1;13.5;Cloudy;15.5
07/08/2016;17.5;13;-0.7;15.25;-6;10;Cloudy;17.5
08/08/2016;13;7;-4.5;15.05;6;10;Cloudy;16
09/08/2016;17.1;13;4.1;18.15;1;13.5;Cloudy;15.5
10/08/2016;19.2;14;2.1;17.5;-2;13;Cloudy;18
11/08/2016;15.8;12;-3.4;16.2;1;12.5;Cloudy;19
12/08/2016;16.6;13;0.8;19.35;3;14.5;Cloudy;16.5
13/08/2016;22.1;16;5.5;21.85;1;16.5;Cloudy;15
14/08/2016;21.6;17;-0.5;19.55;-4;15;Cloudy;16
15/08/2016;17.5;13;-4.1;18.4;2;14;Cloudy;18.5
16/08/2016;19.3;15;1.8;19.2;0;15;Cloudy;15
17/08/2016;19.1;15;-0.2;15.65;-6;12;Cloudy;17
18/08/2016;12.2;9;-6.9;14;2;10;Showers;18
19/08/2016;15.8;11;3.6;15.9;0;11;Cloudy;16.5
20/08/2016;16;11;0.2;19.5;8;15;Cloudy;18.5
21/08/2016;23;19;7;21.3;-3;17.5;Fine;15.5
22/08/2016;19.6;16;-3.4;16.1;-7;12.5;Cloudy;19.5
23/08/2016;12.6;9;-7;8.4;-7;5.5;Cloudy;21.5
24/08/2016;4.2;2;-8.4;14.45;19;11.5;Showers;16.5
25/08/2016;24.7;21;20.5;24.55;-1;20.5;Cloudy;14.5
26/08/2016;24.4;20;-0.3;24.4;0;20;Cloudy;15.5
27/08/2016;24.4;20;0;24.15;-1;19.5;Cloudy;13.5
28/08/2016;23.9;19;-0.5;23.95;-1;18.5;Cloudy;13
29/08/2016;24;18;0.1;19.35;-7;14.5;Cloudy;14.5
30/08/2016;14.7;11;-9.3;14.95;0;11;Cloudy;16.5
31/08/2016;15.2;11;0.5;17.6;5;13.5;Cloudy;15.5
01/09/2016;20;16;4.8;18.4;-4;14;Cloudy;21.5
02/09/2016;16.8;12;-3.2;22.05;11;17.5;Cloudy;24.5
03/09/2016;27.3;23;10.5;27.05;-1;22.5;Cloudy;18
04/09/2016;26.8;22;-0.5;23.8;-6;19;Cloudy;18
05/09/2016;20.8;16;-6;18.9;-2;15;Cloudy;15
06/09/2016;17;14;-3.8;16.1;-3;12.5;Cloudy;20
07/09/2016;15.2;11;-1.8;17.5;6;14;Cloudy;18
08/09/2016;19.8;17;4.6;13.85;-13;10.5;Cloudy;19
09/09/2016;7.9;4;-11.9;9.9;4;6;Showers;19
10/09/2016;11.9;8;4;20.05;17;16.5;Showers;20
11/09/2016;28.2;25;16.3;26.8;-5;22.5;Cloudy;19.5
12/09/2016;25.4;20;-2.8;24.15;-1;19.5;Cloudy;20
13/09/2016;22.9;19;-2.5;23.45;0;19;Cloudy;22
14/09/2016;24;19;1.1;17.05;-11;13.5;Cloudy;23.5
15/09/2016;10.1;8;-13.9;18.3;14;15;Showers;21
16/09/2016;26.5;22;16.4;23.75;-7;18.5;Cloudy;18.5
17/09/2016;21;15;-5.5;14.6;-11;9.5;Cloudy;21
18/09/2016;8.2;4;-12.8;12.1;6;7;Showers;21
19/09/2016;16;10;7.8;20.35;10;15;Cloudy;18.5
20/09/2016;24.7;20;8.7;15.15;-19;10.5;Cloudy;21.5
21/09/2016;5.6;1;-19.1;15.9;20;11;Showers;16.5
22/09/2016;26.2;21;20.6;28.55;5;23.5;Cloudy;19.5
23/09/2016;30.9;26;4.7;30.75;-1;25.5;Fine;19
24/09/2016;30.6;25;-0.3;26.7;-7;21.5;Fine;17.5
25/09/2016;22.8;18;-7.8;26.65;7;21.5;Cloudy;22.5
26/09/2016;30.5;25;7.7;28.8;-4;23;Cloudy;18.5
27/09/2016;27.1;21;-3.4;28.55;6;24;Cloudy;18.5
28/09/2016;30;27;2.9;18.55;-24;15;Cloudy;18
29/09/2016;7.1;3;-22.9;20.15;25;15.5;Showers;18.5
30/09/2016;33.2;28;26.1;32.75;0;28;Fine;18
01/10/2016;32.3;28;-0.9;31.25;-4;26;Fine;18
02/10/2016;30.2;24;-2.1;18.6;-22;13;Cloudy;23
03/10/2016;7;2;-23.2;19.65;27;15.5;Showers;19.5
04/10/2016;32.3;29;25.3;32.05;-2;28;Cloudy;20.5
05/10/2016;31.8;27;-0.5;31.5;0;27;Cloudy;21.5
06/10/2016;31.2;27;-0.6;30.4;-2;26;Cloudy;22.5
07/10/2016;29.6;25;-1.6;29.2;-2;24;Cloudy;21
08/10/2016;28.8;23;-0.8;22.4;-12;17;Cloudy;20.5
09/10/2016;16;11;-12.8;22.15;12;17;Cloudy;21.5
10/10/2016;28.3;23;12.3;25.55;-4;21;Cloudy;24
11/10/2016;22.8;19;-5.5;20.9;-5;16.5;Cloudy;24
12/10/2016;19;14;-3.8;21;6;17;Cloudy;21
13/10/2016;23;20;4;23.15;-2;19;Cloudy;20
14/10/2016;23.3;18;0.3;23.5;-1;17.5;Cloudy;18.5
15/10/2016;23.7;17;0.4;27.55;10;22;Cloudy;18
16/10/2016;31.4;27;7.7;28.2;-8;23;Cloudy;21.5
17/10/2016;25;19;-6.4;28.35;9;23.5;Cloudy;22.5
18/10/2016;31.7;28;6.7;31.1;-2;27;Fine;20
19/10/2016;30.5;26;-1.2;26.95;-7;22.5;Cloudy;23
20/10/2016;23.4;19;-7.1;25.6;3;20.5;Cloudy;23.5
21/10/2016;27.8;22;4.4;22.75;-7;18.5;Cloudy;23.5
22/10/2016;17.7;15;-10.1;17.5;-3;13.5;Cloudy;23.5
23/10/2016;17.3;12;-0.4;24.6;14;19;Cloudy;18.5
24/10/2016;31.9;26;14.6;31.6;2;27;Cloudy;21.5
25/10/2016;31.3;28;-0.6;30;-5;25.5;Cloudy;22
26/10/2016;28.7;23;-2.6;28.55;2;24;Cloudy;25.5
27/10/2016;28.4;25;-0.3;26.05;-6;22;Cloudy;25
28/10/2016;23.7;19;-4.7;22.9;-2;18;Cloudy;25.5
29/10/2016;22.1;17;-1.6;24.9;5;19.5;Cloudy;24.5
30/10/2016;27.7;22;5.6;21.45;-11;16.5;Cloudy;25
31/10/2016;15.2;11;-12.5;15.15;-2;10;Cloudy;26
01/11/2016;15.1;9;-0.1;23.2;16;17;Showers;23
02/11/2016;31.3;25;16.2;27.7;-5;22.5;Fine;23.5
03/11/2016;24.1;20;-7.2;27;4;22;Cloudy;24.5
04/11/2016;29.9;24;5.8;30.7;-1;23.5;Cloudy;25.5
05/11/2016;31.5;23;1.6;31.45;2;24;Cloudy;27
06/11/2016;31.4;25;-0.1;28.8;-5;22.5;Cloudy;28
07/11/2016;26.2;20;-5.2;24.3;-2;19;Cloudy;24
08/11/2016;22.4;18;-3.8;23.9;2;19;Showers;28
09/11/2016;25.4;20;3;27;3;21.5;Cloudy;27
10/11/2016;28.6;23;3.2;26.2;-5;20.5;Cloudy;29.5
11/11/2016;23.8;18;-4.8;21.65;-4;16;Cloudy;28
12/11/2016;19.5;14;-4.3;22.25;-8;10;Showers;28.5
13/11/2016;25;6;5.5;29.45;22;17;Cloudy;29
14/11/2016;33.9;28;8.9;28.9;-8;24;Cloudy;24
15/11/2016;23.9;20;-10;26.15;3;21.5;Cloudy;23
16/11/2016;28.4;23;4.5;28.35;-1;22.5;Cloudy;24.5
17/11/2016;28.3;22;-0.1;29.15;2;23;Cloudy;24.5
18/11/2016;30;24;1.7;26.8;-7;20.5;Cloudy;23.5
19/11/2016;23.6;17;-6.4;27.35;9;21.5;Cloudy;23.5
20/11/2016;31.1;26;7.5;31.5;-3;24.5;Cloudy;21.5
21/11/2016;31.9;23;0.8;30.95;3;24.5;Cloudy;24
22/11/2016;30;26;-1.9;28.85;-3;24.5;Cloudy;24
23/11/2016;27.7;23;-2.3;29.15;-2;22;Cloudy;24
24/11/2016;30.6;21;2.9;30.5;2;22;Cloudy;27.5
25/11/2016;30.4;23;-0.2;26.35;-8;19;Cloudy;26
26/11/2016;22.3;15;-8.1;24.7;5;17.5;Cloudy;24.5
27/11/2016;27.1;20;4.8;25.3;-4;18;Cloudy;25
28/11/2016;23.5;16;-3.6;27.05;8;20;Cloudy;26.5
29/11/2016;30.6;24;7.1;28.75;-2;23;Cloudy;27
30/11/2016;26.9;22;-3.7;27.7;0;22;Showers;25.5
01/12/2016;28.5;22;1.6;29.8;-14;15;Showers;29
02/12/2016;31.1;8;2.6;27.4;9;12.5;Cloudy;26.5
03/12/2016;23.7;17;-7.4;27.3;7;20.5;Cloudy;27
04/12/2016;30.9;24;7.2;30.3;-8;20;Cloudy;25.5
05/12/2016;29.7;16;-1.2;27.4;1;16.5;Cloudy;30.5
06/12/2016;25.1;17;-4.6;23.1;-2;16;Cloudy;31
07/12/2016;21.1;15;-4;16.5;-8;11;Cloudy;28.5
08/12/2016;11.9;7;-9.2;11.4;-4;5;Showers;26.5
09/12/2016;10.9;3;-1;18.05;16;11;Showers;24.5
10/12/2016;25.2;19;14.3;25;-1;18.5;Cloudy;24
11/12/2016;24.8;18;-0.4;27.55;4;20;Cloudy;23
12/12/2016;30.3;22;5.5;28.95;-1;21.5;Cloudy;25
13/12/2016;27.6;21;-2.7;29;1;21.5;Cloudy;26
14/12/2016;30.4;22;2.8;30.8;2;23;Cloudy;26.5
15/12/2016;31.2;24;0.8;27.8;-7;20.5;Cloudy;29
16/12/2016;24.4;17;-6.8;27.3;5;19.5;Cloudy;27
17/12/2016;30.2;22;5.8;25.85;-5;19.5;Cloudy;28.5
18/12/2016;21.5;17;-8.7;21.95;-2;16;Showers;27
19/12/2016;22.4;15;0.9;23;2;16;Cloudy;24.5
20/12/2016;23.6;17;1.2;25.8;2;18;Cloudy;26.5
21/12/2016;28;19;4.4;23.95;-6;16;Cloudy;29
22/12/2016;19.9;13;-8.1;19.95;-1;12.5;Cloudy;26
23/12/2016;20;12;0.1;20.8;4;14;Cloudy;25
24/12/2016;21.6;16;1.6;18.8;-7;12.5;Cloudy;26
25/12/2016;16;9;-5.6;19.9;5;11.5;Showers;24.5
26/12/2016;23.8;14;7.8;23.95;2;15;Cloudy;22.5
27/12/2016;24.1;16;0.3;26.15;5;18.5;Cloudy;26
28/12/2016;28.2;21;4.1;29.35;2;22;Cloudy;26.5
29/12/2016;30.5;23;2.3;31.15;-2;22;Cloudy;25.5
30/12/2016;31.8;21;1.3;31.3;1;21.5;Cloudy;26.5
31/12/2016;30.8;22;-1;30.4;2;23;Cloudy;29.5
01/01/2017;30;24;-0.8;26.95;-17;15.5;Cloudy;32
02/01/2017;23.9;7;-6.1;17.35;-1;6.5;Cloudy;28.5
03/01/2017;10.8;6;-13.1;16.35;9;10.5;Showers;24.5
04/01/2017;21.9;15;11.1;19.95;-4;13;Cloudy;27
05/01/2017;18;11;-3.9;20.45;6;14;Cloudy;26
06/01/2017;22.9;17;4.9;22.45;-1;16.5;Cloudy;26
07/01/2017;22;16;-0.9;23.75;3;17.5;Cloudy;24
08/01/2017;25.5;19;3.5;24.3;-4;17;Cloudy;25.5
09/01/2017;23.1;15;-2.4;26.15;6;18;Cloudy;27
10/01/2017;29.2;21;6.1;28;-15;13.5;Cloudy;28.5
11/01/2017;26.8;6;-2.4;26.45;13;12.5;Cloudy;30
12/01/2017;26.1;19;-0.7;26.95;-14;12;Cloudy;32
13/01/2017;27.8;5;1.7;28.9;18;14;Cloudy;30
14/01/2017;30;23;2.2;22.65;-14;16;Cloudy;33
15/01/2017;15.3;9;-14.7;20.8;10;14;Cloudy;27.5
16/01/2017;26.3;19;11;26.1;-1;18.5;Cloudy;28
17/01/2017;25.9;18;-0.4;28.65;-2;17;Cloudy;29
18/01/2017;31.4;16;5.5;24.2;-6;13;Fine;32
19/01/2017;17;10;-14.4;20.7;7;13.5;Cloudy;23.5
20/01/2017;24.4;17;7.4;20.2;-6;14;Cloudy;31.5
21/01/2017;16;11;-8.4;19.15;6;14;Cloudy;28.5
22/01/2017;22.3;17;6.3;22.2;-1;16.5;Cloudy;25
23/01/2017;22.1;16;-0.2;27.05;11;21.5;Cloudy;25.5
24/01/2017;32;27;9.9;30.3;-5;24.5;Fine;29
25/01/2017;28.6;22;-3.4;28.2;-3;20.5;Cloudy;29
26/01/2017;27.8;19;-0.8;18.9;-14;12;Cloudy;28.5
27/01/2017;10;5;-17.8;16;9;9.5;Showers;25.5
28/01/2017;22;14;12;23.25;5;16.5;Cloudy;27
29/01/2017;24.5;19;2.5;24.95;0;19;Cloudy;28.5
30/01/2017;25.4;19;0.9;27.2;5;21.5;Cloudy;28
31/01/2017;29;24;3.6;29.5;1;24.5;Cloudy;29
01/02/2017;30;25;1;29.9;-1;24.5;Fine;29.5
02/02/2017;29.8;24;-0.2;27.95;-4;22;Cloudy;31
03/02/2017;26.1;20;-3.7;27.05;0;20;Cloudy;29
04/02/2017;28;20;1.9;26.5;-2;19;Cloudy;29
05/02/2017;25;18;-3;26.5;3;19.5;Cloudy;29
06/02/2017;28;21;3;26.6;0;21;Cloudy;29.5
07/02/2017;25.2;21;-2.8;26.6;0;21;Cloudy;29.5
08/02/2017;28;21;2.8;26.7;0;21;Cloudy;29
09/02/2017;25.4;21;-2.6;25.6;-1;20.5;Cloudy;28.5
10/02/2017;25.8;20;0.4;27.6;-3;18.5;Cloudy;30
11/02/2017;29.4;17;3.6;29.15;-15;9.5;Cloudy;32.5
12/02/2017;28.9;2;-0.5;26.25;8;6;Cloudy;36
13/02/2017;23.6;10;-5.3;22.3;7;13.5;Cloudy;29.5
14/02/2017;21;17;-2.6;21.05;-1;16.5;Cloudy;26.5
15/02/2017;21.1;16;0.1;21.45;0;16;Cloudy;27
16/02/2017;21.8;16;0.7;24.7;5;18.5;Cloudy;28
17/02/2017;27.6;21;5.8;28.4;2;22;Cloudy;28.5
18/02/2017;29.2;23;1.6;23.6;-12;17;Fine;29.5
19/02/2017;18;11;-11.2;22.45;9;15.5;Showers;26.5
20/02/2017;26.9;20;8.9;25.75;0;20;Cloudy;26.5
21/02/2017;24.6;20;-2.3;24.1;-3;18.5;Cloudy;28
22/02/2017;23.6;17;-1;25.85;7;20.5;Cloudy;26.5
23/02/2017;28.1;24;4.5;27.55;-4;22;Cloudy;27.5
24/02/2017;27;20;-1.1;27.5;0;20;Cloudy;28
25/02/2017;28;20;1;24.65;-6;17;Cloudy;28.5
26/02/2017;21.3;14;-6.7;22.1;3;15.5;Cloudy;27.5
27/02/2017;22.9;17;1.6;22.2;1;17.5;Cloudy;25
28/02/2017;21.5;18;-1.4;20.85;-4;16;Cloudy;25.5
01/03/2017;20.2;14;-1.3;20.1;2;15;Cloudy;25.5
02/03/2017;20;16;-0.2;20.9;1;16.5;Cloudy;26.5
03/03/2017;21.8;17;1.8;17.9;-9;12.5;Cloudy;29.5
04/03/2017;14;8;-7.8;19.55;11;13.5;Showers;28
05/03/2017;25.1;19;11.1;26.3;3;20.5;Cloudy;29.5
06/03/2017;27.5;22;2.4;27.7;1;22.5;Cloudy;26.5
07/03/2017;27.9;23;0.4;21.8;-13;16.5;Cloudy;26.5
08/03/2017;15.7;10;-12.2;20.35;11;15.5;Cloudy;26
09/03/2017;25;21;9.3;27.45;3;22.5;Cloudy;27
10/03/2017;29.9;24;4.9;28.75;-2;23;Fine;27
11/03/2017;27.6;22;-2.3;26.45;-3;20.5;Cloudy;25
12/03/2017;25.3;19;-2.3;17.75;-13;12.5;Cloudy;29.5
13/03/2017;10.2;6;-15.1;11.8;4;8;Cloudy;25
14/03/2017;13.4;10;3.2;12.45;-4;8;Cloudy;26
15/03/2017;11.5;6;-1.9;16.05;10;11;Showers;25
16/03/2017;20.6;16;9.1;21.3;1;16.5;Cloudy;28
17/03/2017;22;17;1.4;22.4;0;17;Showers;28.5
18/03/2017;22.8;17;0.8;20.4;-7;13.5;Cloudy;29.5
19/03/2017;18;10;-4.8;13.9;-5;7.5;Showers;27
20/03/2017;9.8;5;-8.2;12;4;7;Showers;25
21/03/2017;14.2;9;4.4;11.1;-5;6.5;Showers;26
22/03/2017;8;4;-6.2;11.55;6;7;Showers;24.5
23/03/2017;15.1;10;7.1;18.2;5;12.5;Showers;27
24/03/2017;21.3;15;6.2;20.45;-1;14.5;Cloudy;26.5
25/03/2017;19.6;14;-1.7;21.4;3;15.5;Cloudy;26
26/03/2017;23.2;17;3.6;20.3;-5;14.5;Cloudy;27.5
27/03/2017;17.4;12;-5.8;21.3;9;16.5;Cloudy;26
28/03/2017;25.2;21;7.8;19.1;-13;14.5;Cloudy;27.5
29/03/2017;13;8;-12.2;7.5;-8;4;Showers;26.5
30/03/2017;2;1.36;-11;12.05;15;7.5;Showers;24
31/03/2017;22.1;15;20.1;25.35;8;19;Cloudy;25
01/04/2017;28.6;23;6.5;24.35;-9;18.5;Cloudy;24
02/04/2017;20.1;14;-8.5;19.55;-1;13.5;Cloudy;23.5
03/04/2017;19;13;-1.1;18.75;0;13;Cloudy;21
04/04/2017;18.5;13;-0.5;18.4;0;13;Cloudy;20
05/04/2017;18.3;13;-0.2;15.3;-6;10;Cloudy;21
06/04/2017;12.3;7;-6;16.6;8;11;Showers;19.5
07/04/2017;20.9;15;8.6;19.95;-2;14;Cloudy;20
08/04/2017;19;13;-1.9;19.7;2;14;Cloudy;22
09/04/2017;20.4;15;1.4;23;5;17.5;Cloudy;23
10/04/2017;25.6;20;5.2;25.35;0;20;Cloudy;20
11/04/2017;25.1;20;-0.5;23.45;-4;18;Fine;19.5
12/04/2017;21.8;16;-3.3;20.5;-2;15;Cloudy;22.5
13/04/2017;19.2;14;-2.6;17.35;-5;11.5;Cloudy;23
14/04/2017;15.5;9;-3.7;16.5;3;10.5;Cloudy;22.5
15/04/2017;17.5;12;2;17.95;2;13;Cloudy;21.5
16/04/2017;18.4;14;0.9;19;0;14;Cloudy;21
17/04/2017;19.6;14;1.2;18.3;0;14;Showers;19.5
18/04/2017;17;14;-2.6;18.7;3;15.5;Cloudy;21
19/04/2017;20.4;17;3.4;19.2;-3;15.5;Cloudy;20
20/04/2017;18;14;-2.4;17.3;-3;12.5;Cloudy;21
21/04/2017;16.6;11;-1.4;15;-2;10;Cloudy;19.5
22/04/2017;13.4;9;-3.2;15.7;3;10.5;Cloudy;19
23/04/2017;18;12;4.6;18.95;3;13.5;Cloudy;20.5
24/04/2017;19.9;15;1.9;20.45;2;16;Cloudy;20.5
25/04/2017;21;17;1.1;13.5;-14;10;Cloudy;21
26/04/2017;6;3;-15;14;15;10.5;Showers;19.5
27/04/2017;22;18;16;20.4;-3;16.5;Cloudy;16
28/04/2017;18.8;15;-3.2;20.1;-1;14.5;Cloudy;20
29/04/2017;21.4;14;2.6;19.05;-1;13.5;Cloudy;18.5
30/04/2017;16.7;13;-4.7;18.7;1;13.5;Cloudy;19.5
01/05/2017;20.7;14;4;19.55;1;14.5;Cloudy;17.5
02/05/2017;18.4;15;-2.3;17.8;-4;13;Cloudy;22.5
03/05/2017;17.2;11;-1.2;14.3;-2;10;Cloudy;21
04/05/2017;11.4;9;-5.8;14.2;4;11;Cloudy;19
05/05/2017;17;13;5.6;16.25;-2;12;Cloudy;17.5
06/05/2017;15.5;11;-1.5;17.8;1;11.5;Cloudy;18
07/05/2017;20.1;12;4.6;14.05;-9;7.5;Cloudy;19
08/05/2017;8;3;-12.1;12.2;11;8.5;Showers;19
09/05/2017;16.4;14;8.4;9.7;-14;7;Cloudy;19.5
10/05/2017;3;2.04;-13.4;10.85;15;7.5;Showers;17
11/05/2017;18.7;15;15.7;15.35;-7;11.5;Cloudy;17
12/05/2017;12;8;-6.7;11;-3;6.5;Cloudy;19.5
13/05/2017;10;5;-2;9.15;-3;3.5;Cloudy;19.5
14/05/2017;8.3;2;-1.7;13.65;12;8;Showers;18.5
15/05/2017;19;14;10.7;19.05;1;14.5;Cloudy;19
16/05/2017;19.1;15;0.1;17;-7;11.5;Cloudy;17.5
17/05/2017;14.9;8;-4.2;12.15;-1;7.5;Cloudy;19
18/05/2017;9.4;7;-5.5;6.6;-6;4;Cloudy;20
19/05/2017;3.8;1;-5.6;8.25;6;4;Showers;18
20/05/2017;12.7;7;8.9;13.45;1;7.5;Cloudy;19
21/05/2017;14.2;8;1.5;14.95;2;9;Cloudy;19
22/05/2017;15.7;10;1.5;16.45;2;11;Cloudy;20.5
23/05/2017;17.2;12;1.5;16.85;1;12.5;Cloudy;20
24/05/2017;16.5;13;-0.7;17.2;2;14;Cloudy;20
25/05/2017;17.9;15;1.4;18.2;0;15;Cloudy;18.5
26/05/2017;18.5;15;0.6;16.7;-5;12.5;Cloudy;17.5
27/05/2017;14.9;10;-3.6;16.55;1;10.5;Cloudy;18.5
28/05/2017;18.2;11;3.3;18.25;3;12.5;Cloudy;18.5
29/05/2017;18.3;14;0.1;18.25;0;14;Cloudy;18
30/05/2017;18.2;14;-0.1;18.7;-1;13.5;Cloudy;15
31/05/2017;19.2;13;1;18.7;2;14;Cloudy;14.5
01/06/2017;18.2;15;-1;18.1;-1;14.5;Cloudy;14
02/06/2017;18;14;-0.2;17.95;0;14;Cloudy;15
03/06/2017;17.9;14;-0.1;17.65;-3;12.5;Cloudy;15.5
04/06/2017;17.4;11;-0.5;17.45;-1;10.5;Cloudy;15.5
05/06/2017;17.5;10;0.1;17.8;4;12;Cloudy;16
06/06/2017;18.1;14;0.6;18.05;-1;13.5;Cloudy;14.5
07/06/2017;18;13;-0.1;17;0;13;Cloudy;11
08/06/2017;16;13;-2;14.35;-4;11;Cloudy;12.5
09/06/2017;12.7;9;-3.3;12.85;-1;8.5;Cloudy;13.5
10/06/2017;13;8;0.3;9.9;-6;5;Cloudy;14.5
11/06/2017;6.8;2;-6.2;8.45;4;4;Showers;15.5
12/06/2017;10.1;6;3.3;7.45;-4;4;Showers;15.5
13/06/2017;4.8;2;-5.3;5.4;0;2;Showers;18
14/06/2017;6;2;1.2;8.3;5;4.5;Showers;18.5
15/06/2017;10.6;7;4.6;9.7;-1;6.5;Cloudy;17.5
16/06/2017;8.8;6;-1.8;8.9;-3;4.5;Cloudy;19
17/06/2017;9;3;0.2;12.1;6;6;Cloudy;19.5
18/06/2017;15.2;9;6.2;14.3;-1;8.5;Cloudy;16.5
19/06/2017;13.4;8;-1.8;12.05;-3;6.5;Cloudy;19
20/06/2017;10.7;5;-2.7;13.75;7;8.5;Cloudy;16
21/06/2017;16.8;12;6.1;15.8;-2;11;Cloudy;17
22/06/2017;14.8;10;-2;15.95;2;11;Cloudy;15.5
23/06/2017;17.1;12;2.3;17.05;1;12.5;Cloudy;15.5
24/06/2017;17;13;-0.1;16.85;-1;12.5;Cloudy;16.5
25/06/2017;16.7;12;-0.3;15.85;-2;11;Cloudy;17
26/06/2017;15;10;-1.7;12.35;-6;7;Cloudy;17.5
27/06/2017;9.7;4;-5.3;10.5;2;5;Cloudy;17
28/06/2017;11.3;6;1.6;12.7;3;7.5;Cloudy;18.5
29/06/2017;14.1;9;2.8;15.05;2;10;Cloudy;21
30/06/2017;16;11;1.9;16.95;3;12.5;Cloudy;16
01/07/2017;17.9;14;1.9;17.75;0;14;Cloudy;11.5
02/07/2017;17.6;14;-0.3;15.45;-5;11.5;Cloudy;13.5
03/07/2017;13.3;9;-4.3;14.3;2;10;Cloudy;16.5
04/07/2017;15.3;11;2;15.7;1;11.5;Cloudy;18.5
05/07/2017;16.1;12;0.8;16.55;1;12.5;Cloudy;20
06/07/2017;17;13;0.9;10.1;-13;6.5;Cloudy;16
07/07/2017;3.2;2.176;-13.8;10.6;13;6.5;Showers;12.5
08/07/2017;18;13;14.8;16.65;-2;12;Cloudy;13.5
09/07/2017;15.3;11;-2.7;12.4;-5;8.5;Cloudy;14.5
10/07/2017;9.5;6;-5.8;13.5;7;9.5;Cloudy;15.5
11/07/2017;17.5;13;8;17.65;1;13.5;Cloudy;14
12/07/2017;17.8;14;0.3;16.4;-2;13;Cloudy;13.5
13/07/2017;15;12;-2.8;16.5;2;13;Cloudy;13.5
14/07/2017;18;14;3;16.75;-2;13;Cloudy;16
15/07/2017;15.5;12;-2.5;15.3;0;12;Cloudy;15.5
16/07/2017;15.1;12;-0.4;15.35;-1;11.5;Cloudy;16.5
17/07/2017;15.6;11;0.5;16.8;3;12.5;Cloudy;17.5
18/07/2017;18;14;2.4;19.2;2;15;Cloudy;19
19/07/2017;20.4;16;2.4;20.05;-1;15.5;Fine;16
20/07/2017;19.7;15;-0.7;19.7;1;15.5;Cloudy;16
21/07/2017;19.7;16;0;19.5;-2;15;Cloudy;13.5
22/07/2017;19.3;14;-0.4;19.2;0;14;Cloudy;13.5
23/07/2017;19.1;14;-0.2;19.4;2;15;Cloudy;15
24/07/2017;19.7;16;0.6;19.4;-1;15.5;Cloudy;15
25/07/2017;19.1;15;-0.6;19.05;0;15;Cloudy;13.5
26/07/2017;19;15;-0.1;18.65;-1;14.5;Cloudy;16.5
27/07/2017;18.3;14;-0.7;18.45;1;14.5;Cloudy;15.5
28/07/2017;18.6;15;0.3;19;0;15;Cloudy;15.5
29/07/2017;19.4;15;0.8;19.6;0;15;Cloudy;15
30/07/2017;19.8;15;0.4;19.75;-1;14.5;Cloudy;17
31/07/2017;19.7;14;-0.1;19.85;1;14.5;Cloudy;18.5
01/08/2017;20;15;0.3;19.8;1;15.5;Cloudy;16
02/08/2017;19.6;16;-0.4;17.6;-6;13;Cloudy;16.5
03/08/2017;15.6;10;-4;18.4;7;13.5;Cloudy;15.5
04/08/2017;21.2;17;5.6;21.15;-1;16.5;Fine;15.5
05/08/2017;21.1;16;-0.1;18.4;-5;13.5;Fine;14
06/08/2017;15.7;11;-5.4;18.3;5;13.5;Cloudy;19
07/08/2017;20.9;16;5.2;21.3;1;16.5;Cloudy;17.5
08/08/2017;21.7;17;0.8;21.45;-1;16.5;Fine;16.5
09/08/2017;21.2;16;-0.5;20.9;-1;15.5;Fine;14
10/08/2017;20.6;15;-0.6;20.65;2;16;Cloudy;17
11/08/2017;20.7;17;0.1;18.3;-6;14;Cloudy;19.5
12/08/2017;15.9;11;-4.8;18.8;5;13.5;Cloudy;19
13/08/2017;21.7;16;5.8;21.3;1;16.5;Cloudy;18.5
14/08/2017;20.9;17;-0.8;20.45;-2;16;Cloudy;17.5
15/08/2017;20;15;-0.9;20;1;15.5;Cloudy;19.5
16/08/2017;20;16;0;20.55;2;17;Cloudy;27.5
17/08/2017;21.1;18;1.1;21.35;-1;17.5;Cloudy;24.5
18/08/2017;21.6;17;0.5;22.3;1;17.5;Cloudy;20
19/08/2017;23;18;1.4;22.95;1;18.5;Fine;11.5
20/08/2017;22.9;19;-0.1;21.4;-4;17;Fine;13.5
21/08/2017;19.9;15;-3;19.9;0;15;Cloudy;17.5
22/08/2017;19.9;15;0;19.85;1;15.5;Cloudy;20
23/08/2017;19.8;16;-0.1;17.4;-6;13;Cloudy;22
24/08/2017;15;10;-4.8;18.15;6;13;Cloudy;18
25/08/2017;21.3;16;6.3;21.95;2;17;Cloudy;16.5
26/08/2017;22.6;18;1.3;21.3;-4;16;Cloudy;16.5
27/08/2017;20;14;-2.6;22.5;7;17.5;Cloudy;16
28/08/2017;25;21;5;24.45;-2;20;Fine;15
29/08/2017;23.9;19;-1.1;24.65;1;19.5;Cloudy;17
30/08/2017;25.4;20;1.5;23.9;-2;19;Fine;16
31/08/2017;22.4;18;-3;22.8;1;18.5;Cloudy;17
01/09/2017;23.2;19;0.8;24.15;1;19.5;Cloudy;17.5
02/09/2017;25.1;20;1.9;25.2;0;20;Cloudy;18.5
03/09/2017;25.3;20;0.2;25;-1;19.5;Cloudy;22
04/09/2017;24.7;19;-0.6;25.85;3;20.5;Cloudy;21.5
05/09/2017;27;22;2.3;27.3;1;22.5;Fine;22
06/09/2017;27.6;23;0.6;27.7;-1;22.5;Fine;18.5
07/09/2017;27.8;22;0.2;27.95;0;22;Fine;18
08/09/2017;28.1;22;0.3;27.45;0;22;Fine;19
09/09/2017;26.8;22;-1.3;27;0;22;Cloudy;19.5
10/09/2017;27.2;22;0.4;26.9;-1;21.5;Cloudy;18.5
11/09/2017;26.6;21;-0.6;26.45;0;21;Cloudy;21
12/09/2017;26.3;21;-0.3;26.7;0;21;Cloudy;23
13/09/2017;27.1;21;0.8;27.05;1;21.5;Cloudy;24.5
14/09/2017;27;22;-0.1;28.3;4;24;Cloudy;17
15/09/2017;29.6;26;2.6;29.55;-2;25;Fine;16.5
16/09/2017;29.5;24;-0.1;25.65;-9;19.5;Cloudy;19
17/09/2017;21.8;15;-7.7;23.3;3;16.5;Cloudy;19
18/09/2017;24.8;18;3;26.55;4;20;Cloudy;18.5
19/09/2017;28.3;22;3.5;28;-2;21;Cloudy;24
20/09/2017;27.7;20;-0.6;26.1;-3;18.5;Cloudy;23
21/09/2017;24.5;17;-3.2;24.55;2;18;Cloudy;22.5
22/09/2017;24.6;19;0.1;26.2;3;20.5;Cloudy;24
23/09/2017;27.8;22;3.2;27.5;0;22;Cloudy;22
24/09/2017;27.2;22;-0.6;26.35;-1;21.5;Cloudy;27.5
25/09/2017;25.5;21;-1.7;22.55;-6;18;Cloudy;27.5
26/09/2017;19.6;15;-5.9;15.35;-11;9.5;Cloudy;23.5
27/09/2017;11.1;4;-8.5;19.3;17;12.5;Cloudy;23
28/09/2017;27.5;21;16.4;27.35;0;21;Cloudy;30
29/09/2017;27.2;21;-0.3;26.1;-2;20;Cloudy;29
30/09/2017;25;19;-2.2;17.75;-15;11.5;Cloudy;27.5
01/10/2017;10.5;4;-14.5;8.25;-2;3;Showers;21
02/10/2017;6;2;-4.5;11.4;9;6.5;Showers;18.5
03/10/2017;16.8;11;10.8;18.45;4;13;Cloudy;23
04/10/2017;20.1;15;3.3;24.55;8;19;Cloudy;25.5
05/10/2017;29;23;8.9;26.8;-4;21;Cloudy;26.5
06/10/2017;24.6;19;-4.4;16.3;-16;11;Showers;28
07/10/2017;8;3;-16.6;12;7;6.5;Showers;21.5
08/10/2017;16;10;8;17.4;4;12;Cloudy;23
09/10/2017;18.8;14;2.8;22.4;7;17.5;Cloudy;26.5
10/10/2017;26;21;7.2;20.3;-12;15;Cloudy;29
11/10/2017;14.6;9;-11.4;10.35;-6;6;Cloudy;26.5
12/10/2017;6.1;3;-8.5;15.65;16;11;Showers;22.5
13/10/2017;25.2;19;19.1;19.45;-11;13.5;Cloudy;27
14/10/2017;13.7;8;-11.5;10.75;-5;5.5;Cloudy;22.5
15/10/2017;7.8;3;-5.9;8.6;0;3;Showers;18
16/10/2017;9.4;3;1.6;9.4;2;4;Showers;21
17/10/2017;9.4;5;0;13.2;6;8;Showers;20.5
18/10/2017;17;11;7.6;16.95;1;11.5;Showers;21
19/10/2017;16.9;12;-0.1;18.9;3;13.5;Cloudy;20.5
20/10/2017;20.9;15;4;12.9;-15;7.5;Cloudy;22.5
21/10/2017;4.9;3.332;-16;15.8;20;10;Showers;16
22/10/2017;26.7;20;21.8;20.95;-9;15.5;Cloudy;21
23/10/2017;15.2;11;-11.5;20.7;9;15.5;Showers;17.5
24/10/2017;26.2;20;11;27.6;3;21.5;Cloudy;22
25/10/2017;29;23;2.8;27.8;-2;22;Cloudy;23.5
26/10/2017;26.6;21;-2.4;29.15;1;21.5;Cloudy;24.5
27/10/2017;31.7;22;5.1;28.95;-1;21.5;Fine;25.5
28/10/2017;26.2;21;-5.5;26.75;0;21;Cloudy;26.5
29/10/2017;27.3;21;1.1;27.25;0;21;Cloudy;25.5
30/10/2017;27.2;21;-0.1;28.9;3;22.5;Cloudy;27
31/10/2017;30.6;24;3.4;30;-1;23.5;Cloudy;24.5
01/11/2017;29.4;23;-1.2;28.25;-2;22;Cloudy;22.5
02/11/2017;27.1;21;-2.3;27.25;1;21.5;Cloudy;24.5
03/11/2017;27.4;22;0.3;27.5;-1;21.5;Cloudy;25
04/11/2017;27.6;21;0.2;26.6;-5;18.5;Cloudy;27
05/11/2017;25.6;16;-2;22.7;-2;15;Cloudy;26.5
06/11/2017;19.8;14;-5.8;21.1;3;15.5;Cloudy;25
07/11/2017;22.4;17;2.6;20.25;-5;14.5;Showers;24
08/11/2017;18.1;12;-4.3;21.05;5;14.5;Showers;20
09/11/2017;24;17;5.9;21.7;-3;15.5;Cloudy;20.5
10/11/2017;19.4;14;-4.6;18.05;-5;11.5;Cloudy;20
11/11/2017;16.7;9;-2.7;23.7;14;16;Showers;20
12/11/2017;30.7;23;14;28.35;-3;21.5;Cloudy;21
13/11/2017;26;20;-4.7;26.95;2;21;Cloudy;21
14/11/2017;27.9;22;1.9;25.45;-5;19.5;Cloudy;22
15/11/2017;23;17;-4.9;21.6;-2;16;Cloudy;23
16/11/2017;20.2;15;-2.8;21.05;0;15;Cloudy;24
17/11/2017;21.9;15;1.7;14.5;-11;9.5;Cloudy;23
18/11/2017;7.1;4;-14.8;12.45;7;7.5;Showers;17.5
19/11/2017;17.8;11;10.7;20.8;6;14;Showers;20
20/11/2017;23.8;17;6;22.9;-1;16.5;Cloudy;21
21/11/2017;22;16;-1.8;25.4;7;19.5;Cloudy;21
22/11/2017;28.8;23;6.8;26.8;-6;20;Cloudy;22.5
23/11/2017;24.8;17;-4;25.4;0;17;Cloudy;23
24/11/2017;26;17;1.2;24.65;0;17;Cloudy;24.5
25/11/2017;23.3;17;-2.7;22.9;0;17;Cloudy;25
26/11/2017;22.5;17;-0.8;25.25;4;19;Cloudy;25.5
27/11/2017;28;21;5.5;25;-7;17.5;Cloudy;26
28/11/2017;22;14;-6;15.7;-10;9;Cloudy;26.5
29/11/2017;9.4;4;-12.6;13.7;6;7;Showers;22.5
30/11/2017;18;10;8.6;21.05;8;14;Showers;23.5
01/12/2017;24.1;18;6.1;21.7;-4;16;Cloudy;23.5
02/12/2017;19.3;14;-4.8;20.8;2;15;Cloudy;26
03/12/2017;22.3;16;3;16.15;-12;10;Cloudy;26.5
04/12/2017;10;4;-12.3;17;12;10;Showers;22.5
05/12/2017;24;16;14;28;8;20;Cloudy;25.5
06/12/2017;32;24;8;32.1;1;24.5;Cloudy;24.5
07/12/2017;32.2;25;0.2;24;-15;17.5;Cloudy;27
08/12/2017;15.8;10;-16.4;21.45;14;17;Showers;25.5
09/12/2017;27.1;24;11.3;27.2;0;24;Cloudy;24.5
10/12/2017;27.3;24;0.2;27.25;0;24;Cloudy;25.5
11/12/2017;27.2;24;-0.1;27.15;0;24;Cloudy;25.5
12/12/2017;27.1;24;-0.1;27.1;-1;23.5;Cloudy;25
13/12/2017;27.1;23;0;27.05;0;23;Cloudy;25
14/12/2017;27;23;-0.1;28.2;0;23;Cloudy;26
15/12/2017;29.4;23;2.4;27.8;-5;20.5;Cloudy;27
16/12/2017;26.2;18;-3.2;27.05;1;18.5;Cloudy;28
17/12/2017;27.9;19;1.7;27.35;1;19.5;Cloudy;27.5
18/12/2017;26.8;20;-1.1;28.4;0;20;Cloudy;26.5
19/12/2017;30;20;3.2;30.25;1;20.5;Cloudy;28
20/12/2017;30.5;21;0.5;28.5;-4;19;Cloudy;30
21/12/2017;26.5;17;-4;22.35;-6;14;Cloudy;28
22/12/2017;18.2;11;-8.3;24.4;7;14.5;Showers;25.5
23/12/2017;30.6;18;12.4;30.8;0;18;Cloudy;28.5
24/12/2017;31;18;0.4;30;-14;11;Cloudy;30
25/12/2017;29;4;-2;24.1;9;8.5;Cloudy;28.5
26/12/2017;19.2;13;-9.8;20.45;2;14;Cloudy;25.5
27/12/2017;21.7;15;2.5;20.75;-4;13;Cloudy;25.5
28/12/2017;19.8;11;-1.9;22.45;6;14;Cloudy;27
29/12/2017;25.1;17;5.3;23.7;-1;16.5;Cloudy;27.5
30/12/2017;22.3;16;-2.8;19.85;-5;13.5;Cloudy;29.5
31/12/2017;17.4;11;-4.9;18.65;0;11;Showers;29
01/01/2018;19.9;11;2.5;18.75;-2;10;Showers;27
02/01/2018;17.6;9;-2.3;20.75;2;10;Showers;26
03/01/2018;23.9;11;6.3;23;0;11;Cloudy;26.5
04/01/2018;22.1;11;-1.8;21.9;0;11;Cloudy;26.5
05/01/2018;21.7;11;-0.4;25.85;9;15.5;Cloudy;26.5
06/01/2018;30;20;8.3;30.6;2;21;Cloudy;27
07/01/2018;31.2;22;1.2;31.45;-2;21;Cloudy;28.5
08/01/2018;31.7;20;0.5;31.25;-8;16;Cloudy;28.5
09/01/2018;30.8;12;-0.9;29.1;7;15.5;Cloudy;28.5
10/01/2018;27.4;19;-3.4;27;-3;17.5;Cloudy;28.5
11/01/2018;26.6;16;-0.8;26.35;-3;14.5;Cloudy;28.5
12/01/2018;26.1;13;-0.5;27.55;5;15.5;Cloudy;29.5
13/01/2018;29;18;2.9;30.2;1;18.5;Cloudy;32.5
14/01/2018;31.4;19;2.4;32.5;4;21;Cloudy;28
15/01/2018;33.6;23;2.2;31.25;-2;22;Fine;25
16/01/2018;28.9;21;-4.7;29.15;-1;20.5;Cloudy;25.5
17/01/2018;29.4;20;0.5;30.55;2;21;Cloudy;26
18/01/2018;31.7;22;2.3;32.3;3;23.5;Cloudy;27
19/01/2018;32.9;25;1.2;32.6;-1;24.5;Cloudy;28
20/01/2018;32.3;24;-0.6;27.7;-9;19.5;Cloudy;28
21/01/2018;23.1;15;-9.2;24.35;4;17;Cloudy;28
22/01/2018;25.6;19;2.5;25.2;0;19;Cloudy;27.5
23/01/2018;24.8;19;-0.8;24.25;-2;18;Cloudy;29
24/01/2018;23.7;17;-1.1;24.45;-4;15;Cloudy;29.5
25/01/2018;25.2;13;1.5;26.45;8;17;Cloudy;30
26/01/2018;27.7;21;2.5;27.1;-1;20.5;Cloudy;30
27/01/2018;26.5;20;-1.2;25.55;-2;19;Cloudy;29
28/01/2018;24.6;18;-1.9;24.8;1;18.5;Cloudy;26.5
29/01/2018;25;19;0.4;25.6;0;19;Cloudy;27.5
30/01/2018;26.2;19;1.2;25.5;-5;16.5;Cloudy;29.5
31/01/2018;24.8;14;-1.4;18.55;-7;10.5;Cloudy;30
01/02/2018;12.3;7;-12.5;10.4;-4;5;Cloudy;22
02/02/2018;8.5;3;-3.8;7.75;-2;2;Showers;19
03/02/2018;7;1;-1.5;17.45;19;10.5;Showers;18.5
04/02/2018;27.9;20;20.9;26.85;0;20;Cloudy;24
05/02/2018;25.8;20;-2.1;25;-2;19;Cloudy;24.5
06/02/2018;24.2;18;-1.6;27.55;6;21;Cloudy;25.5
07/02/2018;30.9;24;6.7;26.85;-8;20;Cloudy;26
08/02/2018;22.8;16;-8.1;26.6;8;20;Cloudy;24.5
09/02/2018;30.4;24;7.6;30.6;-1;23.5;Cloudy;27
10/02/2018;30.8;23;0.4;29.85;0;23;Cloudy;29.5
11/02/2018;28.9;23;-1.9;29.45;-12;17;Cloudy;28.5
12/02/2018;30;11;1.1;27.95;-7;7.5;Cloudy;30.5
13/02/2018;25.9;4;-4.1;27.5;0;4;Cloudy;28.5
14/02/2018;29.1;4;3.2;25.7;3;5.5;Cloudy;33
15/02/2018;22.3;7;-6.8;22.45;-4;5;Cloudy;30
16/02/2018;22.6;3;0.3;23.2;0;3;Cloudy;28
17/02/2018;23.8;3;1.2;25.75;16;11;Cloudy;28
18/02/2018;27.7;19;3.9;28.2;3;20.5;Cloudy;28.5
19/02/2018;28.7;22;1;24.5;-9;17.5;Cloudy;29
20/02/2018;20.3;13;-8.4;17.85;-5;10.5;Cloudy;26.5
21/02/2018;15.4;8;-4.9;13.95;-1;7.5;Cloudy;24.5
22/02/2018;12.5;7;-2.9;9.2;-5;4.5;Showers;24
23/02/2018;5.9;2;-6.6;11.05;4;4;Showers;22.5
24/02/2018;16.2;6;10.3;20.45;12;12;Showers;26
25/02/2018;24.7;18;8.5;25.7;3;19.5;Cloudy;28.5
26/02/2018;26.7;21;2;20.7;-11;15.5;Cloudy;27.5
27/02/2018;14.7;10;-12;20.7;10;15;Cloudy;25
28/02/2018;26.7;20;12;28.1;4;22;Cloudy;26.5
01/03/2018;29.5;24;2.8;22.7;-14;17;Cloudy;30.5
02/03/2018;15.9;10;-13.6;17.65;2;11;Cloudy;26.5
03/03/2018;19.4;12;3.5;22.1;5;14.5;Cloudy;28
04/03/2018;24.8;17;5.4;20.2;-7;13.5;Cloudy;29
05/03/2018;15.6;10;-9.2;11.1;-8;6;Showers;25.5
06/03/2018;6.6;2;-9;12.2;10;7;Showers;20
07/03/2018;17.8;12;11.2;19.25;3;13.5;Showers;22.5
08/03/2018;20.7;15;2.9;22.45;3;16.5;Cloudy;23
09/03/2018;24.2;18;3.5;21.05;-7;14.5;Cloudy;23
10/03/2018;17.9;11;-6.3;17.4;-2;10;Showers;22.5
11/03/2018;16.9;9;-1;20.95;11;14.5;Showers;22
12/03/2018;25;20;8.1;20.8;-8;16;Cloudy;24.5
13/03/2018;16.6;12;-8.4;22.95;11;17.5;Cloudy;25
14/03/2018;29.3;23;12.7;27.6;-5;20.5;Cloudy;23.5
15/03/2018;25.9;18;-3.4;27.65;3;19.5;Cloudy;25
16/03/2018;29.4;21;3.5;29.25;1;21.5;Cloudy;26.5
17/03/2018;29.1;22;-0.3;26.35;-5;19.5;Cloudy;26
18/03/2018;23.6;17;-5.5;24.3;0;17;Cloudy;27.5
19/03/2018;25;17;1.4;25.9;3;18.5;Cloudy;28
20/03/2018;26.8;20;1.8;21.85;-10;15;Cloudy;25.5
21/03/2018;16.9;10;-9.9;18.75;5;12.5;Showers;25
22/03/2018;20.6;15;3.7;21.95;2;16;Showers;23.5
23/03/2018;23.3;17;2.7;22.7;-2;16;Showers;24
24/03/2018;22.1;15;-1.2;22.6;2;16;Cloudy;25
25/03/2018;23.1;17;1;22.65;-1;16.5;Cloudy;25
26/03/2018;22.2;16;-0.9;18.2;-8;12;Cloudy;27
27/03/2018;14.2;8;-8;19.35;11;13.5;Showers;26
28/03/2018;24.5;19;10.3;18;-13;12.5;Cloudy;25.5
29/03/2018;11.5;6;-13;15.4;6;9;Showers;25.5
30/03/2018;19.3;12;7.8;21.95;2;13;Cloudy;26
31/03/2018;24.6;14;5.3;23.45;1;14.5;Cloudy;24.5
01/04/2018;22.3;15;-2.3;21.05;-1;14.5;Cloudy;24
02/04/2018;19.8;14;-2.5;21.1;-3;12.5;Cloudy;23.5
03/04/2018;22.4;11;2.6;18.1;-3;9.5;Cloudy;23.5
04/04/2018;13.8;8;-8.6;17.5;6;11;Showers;22.5
05/04/2018;21.2;14;7.4;22.9;3;15.5;Cloudy;22
06/04/2018;24.6;17;3.4;23.65;0;17;Cloudy;21.5
07/04/2018;22.7;17;-1.9;23.5;1;17.5;Cloudy;22
08/04/2018;24.3;18;1.6;24.05;0;18;Cloudy;22
09/04/2018;23.8;18;-0.5;22.65;-2;17;Cloudy;22.5
10/04/2018;21.5;16;-2.3;22.35;1;16.5;Cloudy;24.5
11/04/2018;23.2;17;1.7;19.05;-9;12.5;Cloudy;22.5
12/04/2018;14.9;8;-8.3;18.1;7;11.5;Cloudy;20.5
13/04/2018;21.3;15;6.4;17.05;-9;10.5;Cloudy;22.5
14/04/2018;12.8;6;-8.5;18;11;11.5;Showers;23
15/04/2018;23.2;17;10.4;22.85;-2;16;Cloudy;24
16/04/2018;22.5;15;-0.7;22.5;3;16.5;Cloudy;24
17/04/2018;22.5;18;0;16.9;-12;12;Cloudy;24
18/04/2018;11.3;6;-11.2;13;4;8;Cloudy;20.5
19/04/2018;14.7;10;3.4;14.25;1;10.5;Cloudy;22
20/04/2018;13.8;11;-0.9;15;0;11;Showers;22.5
21/04/2018;16.2;11;2.4;15.7;-2;10;Showers;20
22/04/2018;15.2;9;-1;17.95;6;12;Cloudy;21
23/04/2018;20.7;15;5.5;19.85;-1;14.5;Cloudy;20.5
24/04/2018;19;14;-1.7;19.3;0;14;Cloudy;23
25/04/2018;19.6;14;0.6;20.35;3;15.5;Cloudy;23.5
26/04/2018;21.1;17;1.5;21.7;0;17;Cloudy;24.5
27/04/2018;22.3;17;1.2;20.25;-3;15.5;Cloudy;22
28/04/2018;18.2;14;-4.1;19.85;1;14.5;Cloudy;20.5
29/04/2018;21.5;15;3.3;21.75;2;16;Cloudy;18.5
30/04/2018;22;17;0.5;19.1;-5;14.5;Cloudy;18.5
01/05/2018;16.2;12;-5.8;16;-2;11;Cloudy;19.5
02/05/2018;15.8;10;-0.4;15;-1;9.5;Cloudy;19
03/05/2018;14.2;9;-1.6;16.85;6;12;Cloudy;21.5
04/05/2018;19.5;15;5.3;18.4;-2;14;Cloudy;22.5
05/05/2018;17.3;13;-2.2;18.6;0;13;Cloudy;22
06/05/2018;19.9;13;2.6;14.5;-9;8.5;Cloudy;21
07/05/2018;9.1;4;-10.8;8.9;0;4;Showers;20.5
08/05/2018;8.7;4;-0.4;14.5;11;9.5;Showers;20.5
09/05/2018;20.3;15;11.6;20.65;2;16;Cloudy;21.5
10/05/2018;21;17;0.7;21.7;1;17.5;Cloudy;20.5
11/05/2018;22.4;18;1.4;22.45;-1;17.5;Fine;17
12/05/2018;22.5;17;0.1;21.55;-1;16.5;Fine;17
13/05/2018;20.6;16;-1.9;18.7;-4;14;Cloudy;17
14/05/2018;16.8;12;-3.8;18.75;4;14;Cloudy;17.5
15/05/2018;20.7;16;3.9;20.25;0;16;Cloudy;17
16/05/2018;19.8;16;-0.9;17.55;-6;13;Cloudy;15
17/05/2018;15.3;10;-4.5;17.5;3;11.5;Cloudy;17.5
18/05/2018;19.7;13;4.4;19.6;3;14.5;Cloudy;16.5
19/05/2018;19.5;16;-0.2;20.2;-1;15.5;Cloudy;16.5
20/05/2018;20.9;15;1.4;20.2;0;15;Cloudy;17
21/05/2018;19.5;15;-1.4;19.95;1;15.5;Cloudy;13.5
22/05/2018;20.4;16;0.9;18.6;-4;14;Cloudy;13.5
23/05/2018;16.8;12;-3.6;15.25;-3;10.5;Cloudy;17.5
24/05/2018;13.7;9;-3.1;13.7;1;9.5;Cloudy;17
25/05/2018;13.7;10;0;12.55;-3;8.5;Cloudy;20
26/05/2018;11.4;7;-2.3;11.65;0;7;Cloudy;17.5
27/05/2018;11.9;7;0.5;10.3;-2;6;Cloudy;17.5
28/05/2018;8.7;5;-3.2;11;3;6.5;Cloudy;20
29/05/2018;13.3;8;4.6;15.25;5;10.5;Cloudy;18.5
30/05/2018;17.2;13;3.9;18.55;3;14.5;Cloudy;19
31/05/2018;19.9;16;2.7;19.5;-1;15.5;Cloudy;15.5
01/06/2018;19.1;15;-0.8;19.15;0;15;Cloudy;13.5
02/06/2018;19.2;15;0.1;18.8;0;15;Cloudy;16
03/06/2018;18.4;15;-0.8;18.15;-2;14;Cloudy;18
04/06/2018;17.9;13;-0.5;16.55;-2;12;Cloudy;17.5
05/06/2018;15.2;11;-2.7;14;-2;10;Cloudy;16.5
06/06/2018;12.8;9;-2.4;11.75;-3;7.5;Cloudy;17
07/06/2018;10.7;6;-2.1;9.75;-1;5.5;Cloudy;17
08/06/2018;8.8;5;-1.9;10.45;2;6;Showers;18
09/06/2018;12.1;7;3.3;12.7;1;7.5;Cloudy;18
10/06/2018;13.3;8;1.2;12.95;1;8.5;Cloudy;17
11/06/2018;12.6;9;-0.7;13.9;1;9.5;Cloudy;15.5
12/06/2018;15.2;10;2.6;12.4;-5;7.5;Cloudy;16
13/06/2018;9.6;5;-5.6;11.3;3;6.5;Cloudy;22
14/06/2018;13;8;3.4;14.2;4;10;Cloudy;18.5
15/06/2018;15.4;12;2.4;15.5;-1;11.5;Cloudy;15
16/06/2018;15.6;11;0.2;16;0;11;Cloudy;15
17/06/2018;16.4;11;0.8;15.85;-1;10.5;Cloudy;13
18/06/2018;15.3;10;-1.1;16.1;2;11;Cloudy;12.5
19/06/2018;16.9;12;1.6;14.7;-5;9.5;Cloudy;12
20/06/2018;12.5;7;-4.4;12.6;2;8;Cloudy;13.5
21/06/2018;12.7;9;0.2;12.85;-1;8.5;Cloudy;15
22/06/2018;13;8;0.3;13.75;1;8.5;Cloudy;15.5
23/06/2018;14.5;9;1.5;14.2;-1;8.5;Cloudy;15
24/06/2018;13.9;8;-0.6;12.3;-3;6.5;Cloudy;14
25/06/2018;10.7;5;-3.2;10.95;2;6;Cloudy;16
26/06/2018;11.2;7;0.5;7.35;-7;3.5;Cloudy;18
27/06/2018;3.5;2.38;-7.7;6.75;4;2;Showers;14.5
28/06/2018;10;4;6.5;12.65;5;6.5;Cloudy;15.5
29/06/2018;15.3;9;5.3;13.1;-5;6.5;Cloudy;17.5
30/06/2018;10.9;4;-4.4;9.5;-2;3;Cloudy;19
01/07/2018;8.1;2;-2.8;11.05;6;5;Cloudy;18.5
02/07/2018;14;8;5.9;15.8;4;10;Cloudy;19
03/07/2018;17.6;12;3.6;17.65;0;12;Cloudy;17.5
04/07/2018;17.7;12;0.1;12.9;-8;8;Cloudy;17
05/07/2018;8.1;4;-9.6;8.5;0;4;Showers;20
06/07/2018;8.9;4;0.8;9;0;4;Showers;22
07/07/2018;9.1;4;0.2;14.45;10;9;Showers;20
08/07/2018;19.8;14;10.7;19.4;0;14;Cloudy;16
09/07/2018;19;14;-0.8;18.2;-2;13;Cloudy;13
10/07/2018;17.4;12;-1.6;14.1;-7;8.5;Cloudy;15
11/07/2018;10.8;5;-6.6;12.45;3;6.5;Showers;17
12/07/2018;14.1;8;3.3;16.9;6;11;Cloudy;15
13/07/2018;19.7;14;5.6;19.55;0;14;Cloudy;12.5
14/07/2018;19.4;14;-0.3;19.85;1;14.5;Cloudy;11.5
15/07/2018;20.3;15;0.9;19.85;0;15;Cloudy;14
16/07/2018;19.4;15;-0.9;19.45;0;15;Cloudy;14.5
17/07/2018;19.5;15;0.1;19.35;0;15;Cloudy;13.5
18/07/2018;19.2;15;-0.3;19.35;0;15;Cloudy;14
19/07/2018;19.5;15;0.3;16.2;-6;12;Cloudy;16
20/07/2018;12.9;9;-6.6;16.7;6;12;Showers;19
21/07/2018;20.5;15;7.6;17.1;-7;11.5;Cloudy;12
22/07/2018;13.7;8;-6.8;15.45;5;10.5;Cloudy;13
23/07/2018;17.2;13;3.5;17.95;1;13.5;Cloudy;14.5
24/07/2018;18.7;14;1.5;14.85;-7;10.5;Cloudy;14
25/07/2018;11;7;-7.7;14.9;7;10.5;Cloudy;18.5
26/07/2018;18.8;14;7.8;19.15;1;14.5;Cloudy;20
27/07/2018;19.5;15;0.7;19.35;-1;14.5;Cloudy;21
28/07/2018;19.2;14;-0.3;19.5;0;14;Cloudy;19
29/07/2018;19.8;14;0.6;20.4;3;15.5;Cloudy;22
30/07/2018;21;17;1.2;20.5;-2;16;Cloudy;15
31/07/2018;20;15;-1;20.65;3;16.5;Cloudy;13.5
01/08/2018;21.3;18;1.3;20.3;-3;16.5;Cloudy;16
02/08/2018;19.3;15;-2;18.05;-1;14.5;Cloudy;16
03/08/2018;16.8;14;-2.5;18.75;0;14;Cloudy;17.5
04/08/2018;20.7;14;3.9;19.95;-1;13.5;Cloudy;18
05/08/2018;19.2;13;-1.5;18.85;2;14;Cloudy;20.5
06/08/2018;18.5;15;-0.7;17.15;-4;13;Cloudy;22
07/08/2018;15.8;11;-2.7;19.3;7;14.5;Cloudy;13.5
08/08/2018;22.8;18;7;22.15;-2;17;Cloudy;13.5
09/08/2018;21.5;16;-1.3;19.7;-3;14.5;Cloudy;15.5
10/08/2018;17.9;13;-3.6;20.15;3;14.5;Cloudy;16.5
11/08/2018;22.4;16;4.5;22.45;0;16;Cloudy;18.5
12/08/2018;22.5;16;0.1;22.5;2;17;Cloudy;15
13/08/2018;22.5;18;0;22.15;-2;17;Cloudy;12.5
14/08/2018;21.8;16;-0.7;21.8;0;16;Cloudy;15
15/08/2018;21.8;16;0;21.75;1;16.5;Cloudy;17
16/08/2018;21.7;17;-0.1;21.55;1;17.5;Cloudy;18
17/08/2018;21.4;18;-0.3;22.15;-1;17.5;Cloudy;18.5
18/08/2018;22.9;17;1.5;22.9;1;17.5;Cloudy;18
19/08/2018;22.9;18;0;23;1;18.5;Cloudy;18
20/08/2018;23.1;19;0.2;22.9;-1;18.5;Cloudy;12
21/08/2018;22.7;18;-0.4;23.35;2;19;Cloudy;14.5
22/08/2018;24;20;1.3;22.55;-3;18.5;Fine;14.5
23/08/2018;21.1;17;-2.9;20.4;-3;15.5;Cloudy;16.5
24/08/2018;19.7;14;-1.4;17.65;-5;11.5;Cloudy;18.5
25/08/2018;15.6;9;-4.1;12.05;-7;5.5;Cloudy;16
26/08/2018;8.5;2;-7.1;15.55;16;10;Showers;15.5
27/08/2018;22.6;18;14.1;23.3;2;19;Cloudy;18
28/08/2018;24;20;1.4;24.35;0;20;Fine;16
29/08/2018;24.7;20;0.7;24.55;-2;19;Fine;15.5
30/08/2018;24.4;18;-0.3;24.15;1;18.5;Cloudy;17.5
31/08/2018;23.9;19;-0.5;24.05;0;19;Cloudy;22.5
01/09/2018;24.2;19;0.3;24.2;0;19;Cloudy;19.5
02/09/2018;24.2;19;0;16.55;-14;12;Cloudy;19
03/09/2018;8.9;5;-15.3;14.4;10;10;Showers;14
04/09/2018;19.9;15;11;18.35;-3;13.5;Cloudy;18.5
05/09/2018;16.8;12;-3.1;16.3;-3;10.5;Showers;15.5
06/09/2018;15.8;9;-1;17.6;5;11.5;Showers;18
07/09/2018;19.4;14;3.6;15.45;-7;10.5;Cloudy;21.5
08/09/2018;11.5;7;-7.9;19.2;12;13;Showers;20
09/09/2018;26.9;19;15.4;27;3;20.5;Fine;19.5
10/09/2018;27.1;22;0.2;24.9;-4;20;Fine;19
11/09/2018;22.7;18;-4.4;22.95;-1;17.5;Cloudy;20
12/09/2018;23.2;17;0.5;24.95;1;17.5;Cloudy;19
13/09/2018;26.7;18;3.5;25.2;1;18.5;Cloudy;23
14/09/2018;23.7;19;-3;25.85;4;21;Cloudy;21
15/09/2018;28;23;4.3;26;-4;21;Fine;24
16/09/2018;24;19;-4;24.5;0;19;Cloudy;21.5
17/09/2018;25;19;1;24.8;0;19;Cloudy;19
18/09/2018;24.6;19;-0.4;26.5;3;20.5;Cloudy;18
19/09/2018;28.4;22;3.8;26.2;-4;20;Fine;22.5
20/09/2018;24;18;-4.4;24.75;2;19;Cloudy;20
21/09/2018;25.5;20;1.5;25;-2;19;Cloudy;18
22/09/2018;24.5;18;-1;26.65;4;20;Cloudy;19
23/09/2018;28.8;22;4.3;23.85;-9;17.5;Fine;22
24/09/2018;18.9;13;-9.9;13.7;-11;7.5;Cloudy;22
25/09/2018;8.5;2;-10.4;13.75;11;7.5;Cloudy;18
26/09/2018;19;13;10.5;16.8;-1;12.5;Cloudy;19.5
27/09/2018;14.6;12;-4.4;19;1;12.5;Cloudy;20.5
28/09/2018;23.4;13;8.8;22.95;0;13;Cloudy;23
29/09/2018;22.5;13;-0.9;16.3;-5;10.5;Cloudy;25
30/09/2018;10.1;8;-12.4;17.4;8;12;Showers;16
01/10/2018;24.7;16;14.6;25.8;3;17.5;Cloudy;19
02/10/2018;26.9;19;2.2;28.15;3;20.5;Cloudy;19
03/10/2018;29.4;22;2.5;28.95;-1;21.5;Cloudy;20.5
04/10/2018;28.5;21;-0.9;19.8;-16;13;Cloudy;24.5
05/10/2018;11.1;5;-17.4;11.75;1;5.5;Showers;20
06/10/2018;12.4;6;1.3;15.7;5;8.5;Showers;20
07/10/2018;19;11;6.6;21.5;6;14;Cloudy;21.5
08/10/2018;24;17;5;20.2;-6;14;Cloudy;22
09/10/2018;16.4;11;-7.6;22.25;10;16;Showers;22.5
10/10/2018;28.1;21;11.7;20.45;-13;14.5;Cloudy;26.5
11/10/2018;12.8;8;-15.3;10.9;-4;6;Showers;20
12/10/2018;9;4;-3.8;8.55;-2;3;Showers;17.5
13/10/2018;8.1;2;-0.9;8.45;0;2;Showers;17
14/10/2018;8.8;2;0.7;9.45;1;2.5;Showers;19
15/10/2018;10.1;3;1.3;15.7;13;9.5;Cloudy;19.5
16/10/2018;21.3;16;11.2;19.65;-6;13;Cloudy;22.5
17/10/2018;18;10;-3.3;17.55;0;10;Cloudy;23
18/10/2018;17.1;10;-0.9;17.45;1;10.5;Cloudy;23.5
19/10/2018;17.8;11;0.7;20.6;3;12.5;Cloudy;23.5
20/10/2018;23.4;14;5.6;20.75;-2;13;Cloudy;28
21/10/2018;18.1;12;-5.3;21.9;5;14.5;Cloudy;17.5
22/10/2018;25.7;17;7.6;26.25;2;18;Cloudy;24.5
23/10/2018;26.8;19;1.1;27.15;2;20;Cloudy;26
24/10/2018;27.5;21;0.7;24.75;-7;17.5;Cloudy;28.5
25/10/2018;22;14;-5.5;25;5;16.5;Cloudy;25
26/10/2018;28;19;6;28;1;19.5;Cloudy;28.5
27/10/2018;28;20;0;26.6;-3;18.5;Cloudy;25
28/10/2018;25.2;17;-2.8;15.9;-15;9.5;Cloudy;25.5
29/10/2018;6.6;2;-18.6;13.3;11;7.5;Showers;19
30/10/2018;20;13;13.4;25.1;9;17.5;Cloudy;21.5
31/10/2018;30.2;22;10.2;29.9;1;22.5;Fine;24
01/11/2018;29.6;23;-0.6;29.2;-4;21;Cloudy;24.5
02/11/2018;28.8;19;-0.8;29.15;-1;18.5;Cloudy;24.5
03/11/2018;29.5;18;0.7;28.55;-3;16.5;Cloudy;27
04/11/2018;27.6;15;-1.9;27.9;0;15;Cloudy;30
05/11/2018;28.2;15;0.6;26.85;-5;12.5;Cloudy;27
06/11/2018;25.5;10;-2.7;26.6;-1;9.5;Cloudy;31
07/11/2018;27.7;9;2.2;20.75;-1;8.5;Cloudy;30.5
08/11/2018;13.8;8;-13.9;17.85;7;11.5;Cloudy;21
09/11/2018;21.9;15;8.1;21.85;-2;14;Cloudy;20.5
10/11/2018;21.8;13;-0.1;24.1;6;16;Cloudy;23.5
11/11/2018;26.4;19;4.6;27.2;1;19.5;Cloudy;24
12/11/2018;28;20;1.6;26.05;-3;18.5;Cloudy;23.5
13/11/2018;24.1;17;-3.9;22.2;-4;15;Cloudy;23
14/11/2018;20.3;13;-3.8;20.45;0;13;Cloudy;26
15/11/2018;20.6;13;0.3;22.3;1;13.5;Cloudy;27.5
16/11/2018;24;14;3.4;21.6;-3;12.5;Cloudy;27.5
17/11/2018;19.2;11;-4.8;16.7;-5;8.5;Cloudy;25.5
18/11/2018;14.2;6;-5;18.9;9;10.5;Showers;22.5
19/11/2018;23.6;15;9.4;27;8;19;Cloudy;24
20/11/2018;30.4;23;6.8;28.4;-4;21;Cloudy;26
21/11/2018;26.4;19;-4;23.2;-8;15;Cloudy;28
22/11/2018;20;11;-6.4;26.5;13;17.5;Showers;27
23/11/2018;33;24;13;33.15;1;24.5;Cloudy;28
24/11/2018;33.3;25;0.3;29.35;-8;21;Cloudy;29
25/11/2018;25.4;17;-7.9;28.3;5;19.5;Cloudy;27.5
26/11/2018;31.2;22;5.8;25.15;-11;16.5;Cloudy;27.5
27/11/2018;19.1;11;-12.1;23.6;2;12;Cloudy;26
28/11/2018;28.1;13;9;28.35;6;16;Cloudy;31
29/11/2018;28.6;19;0.5;27.4;0;19;Cloudy;28
30/11/2018;26.2;19;-2.4;27.85;-5;16.5;Cloudy;29
01/12/2018;29.5;14;3.3;27.7;2;15;Cloudy;29.5
02/12/2018;25.9;16;-3.6;26.45;-8;12;Cloudy;34
03/12/2018;27;8;1.1;21.85;1;8.5;Cloudy;28
04/12/2018;16.7;9;-10.3;18;1;9.5;Cloudy;27
05/12/2018;19.3;10;2.6;20.65;3;11.5;Cloudy;25
06/12/2018;22;13;2.7;19.55;-5;10.5;Cloudy;24
07/12/2018;17.1;8;-4.9;17.05;-1;7.5;Cloudy;23.5
08/12/2018;17;7;-0.1;21.3;7;10.5;Cloudy;23.5
09/12/2018;25.6;14;8.6;23.7;-3;12.5;Cloudy;26
10/12/2018;21.8;11;-3.8;21.9;2;12;Cloudy;26.5
11/12/2018;22;13;0.2;23.1;1;13.5;Cloudy;27
12/12/2018;24.2;14;2.2;25.3;4;16;Cloudy;27.5
13/12/2018;26.4;18;2.2;23.7;-5;15.5;Cloudy;28.5
14/12/2018;21;13;-5.4;21.4;0;13;Cloudy;29
15/12/2018;21.8;13;0.8;13.1;-12;7;Showers;29
16/12/2018;4.4;1;-17.4;11.5;10;6;Showers;23
17/12/2018;18.6;11;14.2;19.8;1;11.5;Showers;25
18/12/2018;21;12;2.4;21.65;1;12.5;Cloudy;26.5
19/12/2018;22.3;13;1.3;25.9;6;16;Cloudy;28
20/12/2018;29.5;19;7.2;28.85;0;19;Cloudy;30.5
21/12/2018;28.2;19;-1.3;25.75;-11;13.5;Cloudy;30.5
22/12/2018;23.3;8;-4.9;23.5;3;9.5;Cloudy;29
23/12/2018;23.7;11;0.4;24.35;4;13;Fine;24.5
24/12/2018;25;15;1.3;26.15;2;16;Cloudy;24
25/12/2018;27.3;17;2.3;28.6;1;17.5;Cloudy;25
26/12/2018;29.9;18;2.6;29.3;2;19;Cloudy;25
27/12/2018;28.7;20;-1.2;26.45;-5;17.5;Fine;22
28/12/2018;24.2;15;-4.5;26.05;5;17.5;Cloudy;25
29/12/2018;27.9;20;3.7;27.9;-2;19;Cloudy;27.5
30/12/2018;27.9;18;0;27.25;0;18;Cloudy;27.5
31/12/2018;26.6;18;-1.3;27.6;2;19;Cloudy;27
01/01/2019;28.6;20;2;26.15;-7;16.5;Cloudy;28.5
02/01/2019;23.7;13;-4.9;24.25;3;14.5;Cloudy;28
03/01/2019;24.8;16;1.1;24.2;-1;15.5;Cloudy;28
04/01/2019;23.6;15;-1.2;24;-1;14.5;Cloudy;27
05/01/2019;24.4;14;0.8;23.85;1;14.5;Cloudy;28
06/01/2019;23.3;15;-1.1;19.65;-8;11;Cloudy;28
07/01/2019;16;7;-7.3;16.35;1;7.5;Cloudy;26.5
08/01/2019;16.7;8;0.7;15.2;-3;6.5;Cloudy;27
09/01/2019;13.7;5;-3;16;5;7.5;Showers;27
10/01/2019;18.3;10;4.6;22.75;8;14;Showers;27
11/01/2019;27.2;18;8.9;28.1;2;19;Cloudy;27
12/01/2019;29;20;1.8;28.55;-2;19;Cloudy;27.5
13/01/2019;28.1;18;-0.9;28.15;2;19;Cloudy;28
14/01/2019;28.2;20;0.1;26.7;-4;18;Cloudy;28
15/01/2019;25.2;16;-3;27.5;3;17.5;Cloudy;29
16/01/2019;29.8;19;4.6;28.25;-1;18.5;Cloudy;29.5
17/01/2019;26.7;18;-3.1;26.7;0;18;Cloudy;28
18/01/2019;26.7;18;0;27.85;1;18.5;Cloudy;28.5
19/01/2019;29;19;2.3;28.2;0;19;Cloudy;29.5
20/01/2019;27.4;19;-1.6;27.25;-1;18.5;Cloudy;29.5
21/01/2019;27.1;18;-0.3;24.85;-4;16;Cloudy;29
22/01/2019;22.6;14;-4.5;24;0;14;Cloudy;29
23/01/2019;25.4;14;2.8;24.7;0;14;Cloudy;31
24/01/2019;24;14;-1.4;22.6;0;14;Cloudy;30.5
25/01/2019;21.2;14;-2.8;23.9;8;18;Cloudy;30
26/01/2019;26.6;22;5.4;28.1;2;23;Cloudy;29
27/01/2019;29.6;24;3;28.4;-4;22;Fine;30.5
28/01/2019;27.2;20;-2.4;26.25;-4;18;Cloudy;25
29/01/2019;25.3;16;-1.9;22.95;-1;15.5;Cloudy;25
30/01/2019;20.6;15;-4.7;22.85;-5;12.5;Cloudy;25
31/01/2019;25.1;10;4.5;24.6;4;12;Cloudy;25
01/02/2019;24.1;14;-1;24.5;4;16;Cloudy;25
02/02/2019;24.9;18;0.8;22.5;-7;14.5;Cloudy;25
03/02/2019;20.1;11;-4.8;21.25;2;12;Showers;24
04/02/2019;22.4;13;2.3;22.2;2;14;Showers;24
05/02/2019;22;15;-0.4;21.3;0;15;Cloudy;24
06/02/2019;20.6;15;-1.4;19.25;-4;13;Showers;23
07/02/2019;17.9;11;-2.7;18.55;2;12;Showers;23
08/02/2019;19.2;13;1.3;23.15;7;16.5;Cloudy;30
09/02/2019;27.1;20;7.9;26.05;-2;19;Cloudy;30
10/02/2019;25;18;-2.1;25.6;2;19;Cloudy;30
11/02/2019;26.2;20;1.2;27.05;2;21;Cloudy;30
12/02/2019;27.9;22;1.7;27.25;-2;21;Cloudy;30
13/02/2019;26.6;20;-1.3;24.15;-5;17.5;Cloudy;30
14/02/2019;21.7;15;-4.9;21.45;0;15;Cloudy;28
15/02/2019;21.2;15;-0.5;19.2;-5;12.5;Cloudy;28
16/02/2019;17.2;10;-4;21.5;8;14;Cloudy;26.5
17/02/2019;25.8;18;8.6;26.2;1;18.5;Cloudy;27.5
18/02/2019;26.6;19;0.8;26.8;0;19;Cloudy;28.5
19/02/2019;27;19;0.4;27.05;3;20.5;Cloudy;30.5
20/02/2019;27.1;22;0.1;24.65;-5;19.5;Cloudy;31
21/02/2019;22.2;17;-4.9;20.85;-4;15;Cloudy;30.5
22/02/2019;19.5;13;-2.7;22.15;4;15;Cloudy;27
23/02/2019;24.8;17;5.3;21.3;-7;13.5;Cloudy;27
24/02/2019;17.8;10;-7;18;3;11.5;Cloudy;26.5
25/02/2019;18.2;13;0.4;18.75;0;13;Cloudy;25.5
26/02/2019;19.3;13;1.1;20.4;2;14;Cloudy;24.5
27/02/2019;21.5;15;2.2;17.6;-8;11;Cloudy;25.5
28/02/2019;13.7;7;-7.8;15.9;5;9.5;Showers;25
01/03/2019;18.1;12;4.4;18.85;0;12;Cloudy;26
02/03/2019;19.6;12;1.5;20.1;0;12;Cloudy;24
03/03/2019;20.6;12;1;20.45;3;13.5;Cloudy;25
04/03/2019;20.3;15;-0.3;21.7;1;15.5;Cloudy;26
05/03/2019;23.1;16;2.8;24.2;2;17;Cloudy;27.5
06/03/2019;25.3;18;2.2;22.15;-7;14.5;Cloudy;29.5
07/03/2019;19;11;-6.3;20;4;13;Cloudy;29
08/03/2019;21;15;2;22.8;2;16;Cloudy;27
09/03/2019;24.6;17;3.6;25.15;-1;16.5;Cloudy;29
10/03/2019;25.7;16;1.1;22.4;-5;13.5;Cloudy;30.5
11/03/2019;19.1;11;-6.6;21.55;8;15;Cloudy;31
12/03/2019;24;19;4.9;24.85;0;19;Cloudy;32.5
13/03/2019;25.7;19;1.7;21.05;-8;15;Cloudy;31.5
14/03/2019;16.4;11;-9.3;17.15;1;11.5;Cloudy;27.5
15/03/2019;17.9;12;1.5;13.9;-8;8;Cloudy;27.5
16/03/2019;9.9;4;-8;13.05;5;6.5;Showers;23.5
17/03/2019;16.2;9;6.3;19.55;7;12.5;Showers;25.5
18/03/2019;22.9;16;6.7;25;4;18;Cloudy;26
19/03/2019;27.1;20;4.2;24.75;-6;17;Cloudy;29.5
20/03/2019;22.4;14;-4.7;21.6;1;14.5;Cloudy;30
21/03/2019;20.8;15;-1.6;20.25;-2;14;Cloudy;29.5
22/03/2019;19.7;13;-1.1;22.95;4;15;Cloudy;28
23/03/2019;26.2;17;6.5;26.45;2;18;Cloudy;29.5
24/03/2019;26.7;19;0.5;24.8;-3;17.5;Cloudy;30.5
25/03/2019;22.9;16;-3.8;17.5;-11;10.5;Cloudy;30.5
26/03/2019;12.1;5;-10.8;8.25;-4;3;Showers;27
27/03/2019;4.4;1;-7.7;7.9;4;3;Showers;20.5
28/03/2019;11.4;5;7;16.1;11;10.5;Showers;24
29/03/2019;20.8;16;9.4;13.3;-13;9.5;Cloudy;26
30/03/2019;5.8;3;-15;16.65;16;11;Showers;22.5
31/03/2019;27.5;19;21.7;24.4;-3;17.5;Fine;21.5
01/04/2019;21.3;16;-6.2;20;-3;14.5;Cloudy;21
02/04/2019;18.7;13;-2.6;18.75;1;13.5;Cloudy;22
03/04/2019;18.8;14;0.1;21.8;4;16;Cloudy;22.5
04/04/2019;24.8;18;6;23.95;0;18;Cloudy;23.5
05/04/2019;23.1;18;-1.7;21.65;-4;16;Cloudy;23.5
06/04/2019;20.2;14;-2.9;21.95;3;15.5;Cloudy;23.5
07/04/2019;23.7;17;3.5;23.5;-1;16.5;Cloudy;24
08/04/2019;23.3;16;-0.4;22.6;-1;15.5;Cloudy;24
09/04/2019;21.9;15;-1.4;17.4;-9;10.5;Cloudy;24.5
10/04/2019;12.9;6;-9;15.1;5;8.5;Cloudy;23.5
11/04/2019;17.3;11;4.4;15.75;-3;9.5;Cloudy;21
12/04/2019;14.2;8;-3.1;16.3;4;10;Showers;21.5
13/04/2019;18.4;12;4.2;16.75;-4;10;Cloudy;20.5
14/04/2019;15.1;8;-3.3;15.4;3;9.5;Cloudy;21.5
15/04/2019;15.7;11;0.6;14.05;-5;8.5;Cloudy;21.5
16/04/2019;12.4;6;-3.3;14.3;3;7.5;Showers;20.5
17/04/2019;16.2;9;3.8;17.75;5;11.5;Cloudy;22
18/04/2019;19.3;14;3.1;16.7;-7;10.5;Cloudy;22
19/04/2019;14.1;7;-5.2;13.8;-1;6.5;Showers;23.5
20/04/2019;13.5;6;-0.6;15.4;6;9;Showers;22.5
21/04/2019;17.3;12;3.8;15.6;-5;9.5;Cloudy;22
22/04/2019;13.9;7;-3.4;12.65;-1;6.5;Showers;22.5
23/04/2019;11.4;6;-2.5;14.45;6;9;Cloudy;22.5
24/04/2019;17.5;12;6.1;15;-4;10;Cloudy;23.5
25/04/2019;12.5;8;-5;13.15;0;8;Cloudy;22.5
26/04/2019;13.8;8;1.3;15.75;4;10;Cloudy;22
27/04/2019;17.7;12;3.9;19.05;2;13;Cloudy;20
28/04/2019;20.4;14;2.7;15.65;-8;10;Cloudy;20
29/04/2019;10.9;6;-9.5;10.55;0;6;Cloudy;20
30/04/2019;10.2;6;-0.7;11.1;1;6.5;Showers;20
01/05/2019;12;7;1.8;12.1;0;7;Cloudy;20
02/05/2019;12.2;7;0.2;11.4;-1;6.5;Cloudy;20
03/05/2019;10.6;6;-1.6;8.4;-4;4;Showers;20
04/05/2019;6.2;2;-4.4;13.25;12;8;Showers;20
05/05/2019;20.3;14;14.1;20.65;1;14.5;Fine;20
06/05/2019;21;15;0.7;20.6;1;15.5;Fine;20
07/05/2019;20.2;16;-0.8;20.1;0;16;Fine;20
08/05/2019;20;16;-0.2;20;0;16;Fine;20
09/05/2019;20;16;0;17.7;-5;13.5;Fine;20
10/05/2019;15.4;11;-4.6;18.25;7;14.5;Cloudy;20
11/05/2019;21.1;18;5.7;19.55;-7;14.5;Fine;20
12/05/2019;18;11;-3.1;14.2;-7;7.5;Cloudy;20
13/05/2019;10.4;4;-7.6;10.95;3;5.5;Cloudy;20
14/05/2019;11.5;7;1.1;11.8;0;7;Cloudy;20
15/05/2019;12.1;7;0.6;13.6;3;8.5;Cloudy;20
16/05/2019;15.1;10;3;11.45;-7;6.5;Cloudy;20
17/05/2019;7.8;3;-7.3;9.6;3;4.5;Showers;20
18/05/2019;11.4;6;3.6;13.55;5;8.5;Cloudy;20
19/05/2019;15.7;11;4.3;12.65;-7;7.5;Cloudy;20
20/05/2019;9.6;4;-6.1;11;3;5.5;Cloudy;20
21/05/2019;12.4;7;2.8;11.65;-1;6.5;Cloudy;20
22/05/2019;10.9;6;-1.5;12.05;3;7.5;Cloudy;20
23/05/2019;13.2;9;2.3;13.95;1;9.5;Cloudy;20
24/05/2019;14.7;10;1.5;15.5;0;10;Cloudy;20
25/05/2019;16.3;10;1.6;15.35;-1;9.5;Cloudy;20
26/05/2019;14.4;9;-1.9;16.45;5;11.5;Cloudy;20
27/05/2019;18.5;14;4.1;18.65;1;14.5;Cloudy;20
28/05/2019;18.8;15;0.3;18.7;0;15;Cloudy;20
29/05/2019;18.6;15;-0.2;18.5;-2;14;Cloudy;20
30/05/2019;18.4;13;-0.2;18.4;0;13;Cloudy;20
31/05/2019;18.4;13;0;15.6;-5;10.5;Cloudy;20
01/06/2019;12.8;8;-5.6;10.4;-4;6;Cloudy;20
02/06/2019;8;4;-4.8;12.95;9;8.5;Cloudy;20
03/06/2019;17.9;13;9.9;18.65;0;13;Cloudy;20
04/06/2019;19.4;13;1.5;17.55;-2;12;Cloudy;20
05/06/2019;15.7;11;-3.7;14.05;-5;8.5;Cloudy;20
06/06/2019;12.4;6;-3.3;11.15;-3;4.5;Cloudy;20
07/06/2019;9.9;3;-2.5;6.55;-2;2;Cloudy;20
08/06/2019;3.2;1;-6.7;7.5;6;4;Showers;15.5
09/06/2019;11.8;7;8.6;13.6;2;8;Cloudy;17.5
10/06/2019;15.4;9;3.6;15;-1;8.5;Cloudy;18
11/06/2019;14.6;8;-0.8;12.15;-3;6.5;Cloudy;18
12/06/2019;9.7;5;-4.9;9.9;0;5;Cloudy;18
13/06/2019;10.1;5;0.4;12.8;5;7.5;Cloudy;18.5
14/06/2019;15.5;10;5.4;14.3;-1;9.5;Cloudy;22
15/06/2019;13.1;9;-2.4;8.9;-7;5.5;Cloudy;20
16/06/2019;4.7;2;-8.4;9.7;7;5.5;Showers;17
17/06/2019;14.7;9;10;13.9;-1;8.5;Cloudy;15
18/06/2019;13.1;8;-1.6;13;-1;7.5;Cloudy;15.5
19/06/2019;12.9;7;-0.2;10.7;-3;5.5;Cloudy;17
20/06/2019;8.5;4;-4.4;11.8;5;6.5;Cloudy;18
21/06/2019;15.1;9;6.6;16.5;3;10.5;Cloudy;14.5
22/06/2019;17.9;12;2.8;16.15;-3;10.5;Cloudy;12
23/06/2019;14.4;9;-3.5;14.65;0;9;Cloudy;15
24/06/2019;14.9;9;0.5;11.9;-6;6;Cloudy;14.5
25/06/2019;8.9;3;-6;7.3;-1;2.5;Showers;17.5
26/06/2019;5.7;2;-3.2;8.65;4;4;Showers;17.5
27/06/2019;11.6;6;5.9;12.4;2;7;Showers;18
28/06/2019;13.2;8;1.6;13.25;-1;7.5;Cloudy;17
29/06/2019;13.3;7;0.1;14;0;7;Cloudy;16.5
30/06/2019;14.7;7;1.4;7.35;0;7;Cloudy;18
